{
  "turno": "vespertina",
  "n_draws": 157,
  "timestamp": "2026-06-20T02:36:29.990310",
  "lstm": {
    "accuracy": 0.0,
    "loss": 0.4717302620410919,
    "top10": [
      24,
      80,
      90,
      34,
      13,
      15,
      99,
      31,
      83,
      43
    ],
    "scores": {
      "0": 0.17609652876853943,
      "1": 0.14569999277591705,
      "2": 0.20036731660366058,
      "3": 0.19998927414417267,
      "4": 0.23152688145637512,
      "5": 0.20722396671772003,
      "6": 0.20828752219676971,
      "7": 0.2311040461063385,
      "8": 0.22318533062934875,
      "9": 0.15748247504234314,
      "10": 0.17289556562900543,
      "11": 0.13136892020702362,
      "12": 0.13374663889408112,
      "13": 0.24932049214839935,
      "14": 0.19047333300113678,
      "15": 0.25587838888168335,
      "16": 0.1350148767232895,
      "17": 0.1896160989999771,
      "18": 0.23265793919563293,
      "19": 0.1493963599205017,
      "20": 0.19295987486839294,
      "21": 0.1535317450761795,
      "22": 0.1436454951763153,
      "23": 0.2355591207742691,
      "24": 0.23991455137729645,
      "25": 0.18771232664585114,
      "26": 0.1923881471157074,
      "27": 0.22064970433712006,
      "28": 0.19716878235340118,
      "29": 0.19235938787460327,
      "30": 0.1677139699459076,
      "31": 0.2634885907173157,
      "32": 0.23222950100898743,
      "33": 0.19005027413368225,
      "34": 0.24785228073596954,
      "35": 0.1528184711933136,
      "36": 0.162145733833313,
      "37": 0.22338995337486267,
      "38": 0.17961709201335907,
      "39": 0.2263702154159546,
      "40": 0.1623656004667282,
      "41": 0.17806215584278107,
      "42": 0.13968253135681152,
      "43": 0.3543848991394043,
      "44": 0.19520612061023712,
      "45": 0.20500946044921875,
      "46": 0.1577896624803543,
      "47": 0.13499046862125397,
      "48": 0.17369697988033295,
      "49": 0.17589133977890015,
      "50": 0.10360945761203766,
      "51": 0.1834419071674347,
      "52": 0.19875191152095795,
      "53": 0.22750617563724518,
      "54": 0.15511690080165863,
      "55": 0.18520301580429077,
      "56": 0.20726196467876434,
      "57": 0.12088537216186523,
      "58": 0.17303664982318878,
      "59": 0.18826264142990112,
      "60": 0.2031899392604828,
      "61": 0.15339963138103485,
      "62": 0.19549192488193512,
      "63": 0.23227229714393616,
      "64": 0.2137189656496048,
      "65": 0.18849793076515198,
      "66": 0.2092764973640442,
      "67": 0.19528771936893463,
      "68": 0.23933923244476318,
      "69": 0.17828503251075745,
      "70": 0.15958034992218018,
      "71": 0.2188466489315033,
      "72": 0.165025994181633,
      "73": 0.20790858566761017,
      "74": 0.1385093480348587,
      "75": 0.2050853669643402,
      "76": 0.11090880632400513,
      "77": 0.16569127142429352,
      "78": 0.17752201855182648,
      "79": 0.1232067197561264,
      "80": 0.24496737122535706,
      "81": 0.1519797295331955,
      "82": 0.20692330598831177,
      "83": 0.2668158710002899,
      "84": 0.15098874270915985,
      "85": 0.17375023663043976,
      "86": 0.19386595487594604,
      "87": 0.2124188393354416,
      "88": 0.2092890739440918,
      "89": 0.15985606610774994,
      "90": 0.24513474106788635,
      "91": 0.17386916279792786,
      "92": 0.2166183441877365,
      "93": 0.21465404331684113,
      "94": 0.19776777923107147,
      "95": 0.2177128940820694,
      "96": 0.2262108474969864,
      "97": 0.2004542499780655,
      "98": 0.23235851526260376,
      "99": 0.26284658908843994
    }
  },
  "transformer": {
    "accuracy": 0.0,
    "loss": 0.48301228880882263,
    "top10": [
      40,
      24,
      80,
      98,
      33,
      55,
      86,
      45,
      13,
      43
    ],
    "scores": {
      "0": 0.22266891598701477,
      "1": 0.18281403183937073,
      "2": 0.13973712921142578,
      "3": 0.1437050849199295,
      "4": 0.15219180285930634,
      "5": 0.22378021478652954,
      "6": 0.1505052000284195,
      "7": 0.17222177982330322,
      "8": 0.17402127385139465,
      "9": 0.1496667116880417,
      "10": 0.15913328528404236,
      "11": 0.07771067321300507,
      "12": 0.09411156177520752,
      "13": 0.34762346744537354,
      "14": 0.1634698212146759,
      "15": 0.24594633281230927,
      "16": 0.11934985965490341,
      "17": 0.12693360447883606,
      "18": 0.11675302684307098,
      "19": 0.1388801783323288,
      "20": 0.18089033663272858,
      "21": 0.13045573234558105,
      "22": 0.15180107951164246,
      "23": 0.1632724553346634,
      "24": 0.2690426707267761,
      "25": 0.1445426344871521,
      "26": 0.18932025134563446,
      "27": 0.18862293660640717,
      "28": 0.20059698820114136,
      "29": 0.2060856819152832,
      "30": 0.06412425637245178,
      "31": 0.22285574674606323,
      "32": 0.15801413357257843,
      "33": 0.31712207198143005,
      "34": 0.1613997220993042,
      "35": 0.1150318831205368,
      "36": 0.16362082958221436,
      "37": 0.18013109266757965,
      "38": 0.11599305272102356,
      "39": 0.23449115455150604,
      "40": 0.26032525300979614,
      "41": 0.14020085334777832,
      "42": 0.13082359731197357,
      "43": 0.36744725704193115,
      "44": 0.2283901423215866,
      "45": 0.3344619870185852,
      "46": 0.2126552164554596,
      "47": 0.14122582972049713,
      "48": 0.17148245871067047,
      "49": 0.22522291541099548,
      "50": 0.09598859399557114,
      "51": 0.0667804405093193,
      "52": 0.18497098982334137,
      "53": 0.16064034402370453,
      "54": 0.1863846629858017,
      "55": 0.3192620277404785,
      "56": 0.21765267848968506,
      "57": 0.08480677753686905,
      "58": 0.15367268025875092,
      "59": 0.14457441866397858,
      "60": 0.14000675082206726,
      "61": 0.10132531821727753,
      "62": 0.17233015596866608,
      "63": 0.1972092241048813,
      "64": 0.1928362399339676,
      "65": 0.183539018034935,
      "66": 0.2049931138753891,
      "67": 0.14979900419712067,
      "68": 0.10595560818910599,
      "69": 0.15635256469249725,
      "70": 0.16682060062885284,
      "71": 0.18406589329242706,
      "72": 0.2236376702785492,
      "73": 0.09475640207529068,
      "74": 0.09542856365442276,
      "75": 0.14084380865097046,
      "76": 0.08873175084590912,
      "77": 0.13511772453784943,
      "78": 0.15285776555538177,
      "79": 0.13383987545967102,
      "80": 0.27571937441825867,
      "81": 0.12592853605747223,
      "82": 0.09903540462255478,
      "83": 0.1650298833847046,
      "84": 0.1988561451435089,
      "85": 0.1792295277118683,
      "86": 0.33423349261283875,
      "87": 0.2299036681652069,
      "88": 0.12866292893886566,
      "89": 0.15038345754146576,
      "90": 0.22519885003566742,
      "91": 0.08248739689588547,
      "92": 0.18235547840595245,
      "93": 0.1475478857755661,
      "94": 0.11151591688394547,
      "95": 0.0913352370262146,
      "96": 0.1641858071088791,
      "97": 0.16644011437892914,
      "98": 0.28296005725860596,
      "99": 0.20541298389434814
    }
  },
  "bnn": {
    "mean_scores": {
      "0": 0.28327885270118713,
      "1": 0.21680906414985657,
      "2": 0.27320802211761475,
      "3": 0.2745697498321533,
      "4": 0.30864858627319336,
      "5": 0.2511129379272461,
      "6": 0.27479490637779236,
      "7": 0.30973750352859497,
      "8": 0.2467919886112213,
      "9": 0.20749244093894958,
      "10": 0.25450870394706726,
      "11": 0.2105211317539215,
      "12": 0.18384557962417603,
      "13": 0.35383594036102295,
      "14": 0.2627026438713074,
      "15": 0.34332388639450073,
      "16": 0.2424711287021637,
      "17": 0.20984384417533875,
      "18": 0.2746571898460388,
      "19": 0.1861746907234192,
      "20": 0.2519461512565613,
      "21": 0.2557542324066162,
      "22": 0.18486355245113373,
      "23": 0.3032808005809784,
      "24": 0.2543553113937378,
      "25": 0.2872591018676758,
      "26": 0.2414873093366623,
      "27": 0.3012124300003052,
      "28": 0.24585771560668945,