{
  "turno": "matutina",
  "n_draws": 228,
  "timestamp": "2026-06-13T00:48:00.344503",
  "lstm": {
    "accuracy": 0.04545454680919647,
    "loss": 0.478960245847702,
    "top10": [
      45,
      34,
      7,
      37,
      70,
      65,
      21,
      1,
      52,
      28
    ],
    "scores": {
      "0": 0.11982902884483337,
      "1": 0.29337063431739807,
      "2": 0.17766155302524567,
      "3": 0.21977314352989197,
      "4": 0.16728925704956055,
      "5": 0.18177907168865204,
      "6": 0.21386486291885376,
      "7": 0.2495584934949875,
      "8": 0.22063349187374115,
      "9": 0.17012539505958557,
      "10": 0.12396758049726486,
      "11": 0.21317744255065918,
      "12": 0.22997112572193146,
      "13": 0.222420796751976,
      "14": 0.22903169691562653,
      "15": 0.17433229088783264,
      "16": 0.17662134766578674,
      "17": 0.12265057116746902,
      "18": 0.20709019899368286,
      "19": 0.18448325991630554,
      "20": 0.1810767501592636,
      "21": 0.2755565941333771,
      "22": 0.14564701914787292,
      "23": 0.18446755409240723,
      "24": 0.23582249879837036,
      "25": 0.12478283047676086,
      "26": 0.16026671230793,
      "27": 0.21990707516670227,
      "28": 0.32279521226882935,
      "29": 0.12431824952363968,
      "30": 0.19586893916130066,
      "31": 0.20823748409748077,
      "32": 0.20378759503364563,
      "33": 0.1801789402961731,
      "34": 0.24430744349956512,
      "35": 0.1779373288154602,
      "36": 0.19886498153209686,
      "37": 0.2539122998714447,
      "38": 0.20358921587467194,
      "39": 0.16882719099521637,
      "40": 0.14689593017101288,
      "41": 0.19995123147964478,
      "42": 0.1070842295885086,
      "43": 0.20415695011615753,
      "44": 0.15519548952579498,
      "45": 0.23646852374076843,
      "46": 0.1551973819732666,
      "47": 0.19424623250961304,
      "48": 0.23281489312648773,
      "49": 0.22177982330322266,
      "50": 0.18146653473377228,
      "51": 0.23569045960903168,
      "52": 0.29459473490715027,
      "53": 0.19067689776420593,
      "54": 0.16978175938129425,
      "55": 0.21038679778575897,
      "56": 0.13112881779670715,
      "57": 0.17409950494766235,
      "58": 0.1260460913181305,
      "59": 0.1979427933692932,
      "60": 0.1926473081111908,
      "61": 0.19733121991157532,
      "62": 0.17004792392253876,
      "63": 0.11909554153680801,
      "64": 0.19254952669143677,
      "65": 0.2719216048717499,
      "66": 0.1579519808292389,
      "67": 0.15274110436439514,
      "68": 0.1190744936466217,
      "69": 0.17544446885585785,
      "70": 0.2661634385585785,
      "71": 0.12342845648527145,
      "72": 0.20369774103164673,
      "73": 0.2161945253610611,
      "74": 0.22807055711746216,
      "75": 0.20319895446300507,
      "76": 0.15424209833145142,
      "77": 0.19525650143623352,
      "78": 0.19565384089946747,
      "79": 0.20302294194698334,
      "80": 0.1517522782087326,
      "81": 0.16881369054317474,
      "82": 0.21206215023994446,
      "83": 0.17772868275642395,
      "84": 0.1481896936893463,
      "85": 0.18277722597122192,
      "86": 0.14422836899757385,
      "87": 0.20156672596931458,
      "88": 0.15515372157096863,
      "89": 0.211676687002182,
      "90": 0.11065192520618439,
      "91": 0.16183829307556152,
      "92": 0.22470439970493317,
      "93": 0.12224115431308746,
      "94": 0.19592148065567017,
      "95": 0.1881597340106964,
      "96": 0.18565113842487335,
      "97": 0.19300433993339539,
      "98": 0.2091946005821228,
      "99": 0.2096870243549347
    }
  },
  "transformer": {
    "accuracy": 0.0,
    "loss": 0.518437922000885,
    "top10": [
      12,
      41,
      20,
      89,
      10,
      52,
      65,
      70,
      48,
      24
    ],
    "scores": {
      "0": 0.15681348741054535,
      "1": 0.22840973734855652,
      "2": 0.08801183849573135,
      "3": 0.15237435698509216,
      "4": 0.14040714502334595,
      "5": 0.15329277515411377,
      "6": 0.31052130460739136,
      "7": 0.21553316712379456,
      "8": 0.1514778733253479,
      "9": 0.2165900319814682,
      "10": 0.36494743824005127,
      "11": 0.2633495330810547,
      "12": 0.34901168942451477,
      "13": 0.10128375142812729,
      "14": 0.25395485758781433,
      "15": 0.2311326563358307,
      "16": 0.06460661441087723,
      "17": 0.056219760328531265,
      "18": 0.1833726316690445,
      "19": 0.2856164872646332,
      "20": 0.35983869433403015,
      "21": 0.2546985149383545,
      "22": 0.09366532415151596,
      "23": 0.19499705731868744,
      "24": 0.45055386424064636,
      "25": 0.10591071844100952,
      "26": 0.13417883217334747,
      "27": 0.19533312320709229,
      "28": 0.15434187650680542,
      "29": 0.08780723065137863,
      "30": 0.25622791051864624,
      "31": 0.20587654411792755,
      "32": 0.1454276591539383,
      "33": 0.2952823340892792,
      "34": 0.32841259241104126,
      "35": 0.11302649974822998,
      "36": 0.14025133848190308,
      "37": 0.07538775354623795,
      "38": 0.34071752429008484,
      "39": 0.1772514432668686,
      "40": 0.23737815022468567,
      "41": 0.3502586781978607,
      "42": 0.14347651600837708,
      "43": 0.07306737452745438,
      "44": 0.2889280319213867,
      "45": 0.1851315051317215,
      "46": 0.14027045667171478,
      "47": 0.1527961939573288,
      "48": 0.4379567801952362,
      "49": 0.1523931324481964,
      "50": 0.16770783066749573,
      "51": 0.18788017332553864,
      "52": 0.3754150867462158,
      "53": 0.28636789321899414,
      "54": 0.2857293486595154,
      "55": 0.21775756776332855,
      "56": 0.08875560015439987,
      "57": 0.13418695330619812,
      "58": 0.2118195742368698,
      "59": 0.08043812960386276,
      "60": 0.1481572687625885,
      "61": 0.10902807861566544,
      "62": 0.1906900703907013,
      "63": 0.06470155715942383,
      "64": 0.2139267921447754,
      "65": 0.3816410303115845,
      "66": 0.16217266023159027,
      "67": 0.10893484205007553,
      "68": 0.1552250236272812,
      "69": 0.16044336557388306,
      "70": 0.39659222960472107,
      "71": 0.10765395313501358,
      "72": 0.12369624525308609,
      "73": 0.08125115185976028,
      "74": 0.1820783168077469,
      "75": 0.18669161200523376,
      "76": 0.20774677395820618,
      "77": 0.09023720026016235,
      "78": 0.14606846868991852,
      "79": 0.03645157814025879,
      "80": 0.17431433498859406,
      "81": 0.20973551273345947,
      "82": 0.21786555647850037,
      "83": 0.14723879098892212,
      "84": 0.06075107306241989,
      "85": 0.11709357053041458,
      "86": 0.19441957771778107,
      "87": 0.2327130138874054,
      "88": 0.20722055435180664,
      "89": 0.3640851378440857,
      "90": 0.15626433491706848,
      "91": 0.20752529799938202,
      "92": 0.20969605445861816,
      "93": 0.1062723770737648,
      "94": 0.32544177770614624,
      "95": 0.20014986395835876,
      "96": 0.2972538471221924,
      "97": 0.09326383471488953,
      "98": 0.24445278942584991,
      "99": 0.2232860028743744
    }
  },
  "bnn": {
    "mean_scores": {
      "0": 0.1972586065530777,
      "1": 0.3266659080982208,
      "2": 0.21731528639793396,
      "3": 0.3083021342754364,
      "4": 0.270974725484848,
      "5": 0.2239375114440918,
      "6": 0.2990071177482605,
      "7": 0.34341999888420105,
      "8": 0.3461678624153137,
      "9": 0.24336516857147217,
      "10": 0.2822713553905487,
      "11": 0.24248479306697845,
      "12": 0.2779428958892822,
      "13": 0.3572584092617035,
      "14": 0.28057149052619934,
      "15": 0.23660136759281158,
      "16": 0.20348258316516876,
      "17": 0.2094719558954239,
      "18": 0.23083598911762238,
      "19": 0.2603833079338074,
      "20": 0.2925776541233063,
      "21": 0.3767600953578949,
      "22": 0.20814338326454163,
      "23": 0.29780009388923645,
      "24": 0.31572502851486206,
      "25": 0.24783489108085632,
      "26": 0.24589182436466217,
      "27": 0.3016369938850403,