{
  "turno": "vespertina",
  "n_draws": 228,
  "timestamp": "2026-06-13T00:48:12.566268",
  "lstm": {
    "accuracy": 0.0,
    "loss": 0.47802022099494934,
    "top10": [
      24,
      37,
      18,
      95,
      64,
      99,
      31,
      43,
      34,
      80
    ],
    "scores": {
      "0": 0.1990504413843155,
      "1": 0.13115675747394562,
      "2": 0.21626199781894684,
      "3": 0.1205306276679039,
      "4": 0.2336750477552414,
      "5": 0.19726219773292542,
      "6": 0.18519945442676544,
      "7": 0.24906840920448303,
      "8": 0.21211038529872894,
      "9": 0.15566043555736542,
      "10": 0.16542214155197144,
      "11": 0.12496057152748108,
      "12": 0.14731848239898682,
      "13": 0.20135000348091125,
      "14": 0.18446914851665497,
      "15": 0.23215404152870178,
      "16": 0.1256706416606903,
      "17": 0.16109652817249298,
      "18": 0.2591991722583771,
      "19": 0.11905022710561752,
      "20": 0.18518875539302826,
      "21": 0.14703713357448578,
      "22": 0.13917341828346252,
      "23": 0.15629011392593384,
      "24": 0.25330621004104614,
      "25": 0.16977068781852722,
      "26": 0.20186102390289307,
      "27": 0.24406930804252625,
      "28": 0.17064006626605988,
      "29": 0.1643718183040619,
      "30": 0.16493980586528778,
      "31": 0.2744391858577728,
      "32": 0.22541458904743195,
      "33": 0.18229889869689941,
      "34": 0.2821321487426758,
      "35": 0.1687544286251068,
      "36": 0.17737019062042236,
      "37": 0.25347885489463806,
      "38": 0.19508400559425354,
      "39": 0.2377886176109314,
      "40": 0.17435823380947113,
      "41": 0.17417529225349426,
      "42": 0.15275253355503082,
      "43": 0.27671825885772705,
      "44": 0.18012258410453796,
      "45": 0.22941675782203674,
      "46": 0.16201645135879517,
      "47": 0.14186623692512512,
      "48": 0.20751318335533142,
      "49": 0.1809624582529068,
      "50": 0.11634204536676407,
      "51": 0.1309918463230133,
      "52": 0.22999665141105652,
      "53": 0.24214144051074982,
      "54": 0.1455574482679367,
      "55": 0.203627809882164,
      "56": 0.1750928908586502,
      "57": 0.12942573428153992,
      "58": 0.1861775815486908,
      "59": 0.1839965432882309,
      "60": 0.22857053577899933,
      "61": 0.13679201900959015,
      "62": 0.21430669724941254,
      "63": 0.21199648082256317,
      "64": 0.26489222049713135,
      "65": 0.18795551359653473,
      "66": 0.20552107691764832,
      "67": 0.18435987830162048,
      "68": 0.22728775441646576,
      "69": 0.20895910263061523,
      "70": 0.23591050505638123,
      "71": 0.21328359842300415,
      "72": 0.13893640041351318,
      "73": 0.19624578952789307,
      "74": 0.13128425180912018,
      "75": 0.18535199761390686,
      "76": 0.09418096393346786,
      "77": 0.16058163344860077,
      "78": 0.16523663699626923,
      "79": 0.10738299041986465,
      "80": 0.298329621553421,
      "81": 0.15655402839183807,
      "82": 0.22540749609470367,
      "83": 0.20742318034172058,
      "84": 0.1727745234966278,
      "85": 0.22258086502552032,
      "86": 0.20666629076004028,
      "87": 0.2046951800584793,
      "88": 0.1816747635602951,
      "89": 0.14886271953582764,
      "90": 0.2517673671245575,
      "91": 0.144849494099617,
      "92": 0.23459020256996155,
      "93": 0.17649157345294952,
      "94": 0.1945035755634308,
      "95": 0.2604430913925171,
      "96": 0.24375757575035095,
      "97": 0.18733389675617218,
      "98": 0.24272997677326202,
      "99": 0.27160224318504333
    }
  },
  "transformer": {
    "accuracy": 0.022727273404598236,
    "loss": 0.5011395812034607,
    "top10": [
      2,
      24,
      13,
      92,
      18,
      23,
      53,
      15,
      3,
      64
    ],
    "scores": {
      "0": 0.09332000464200974,
      "1": 0.10262595117092133,
      "2": 0.2032959908246994,
      "3": 0.2515546381473541,
      "4": 0.19115786254405975,
      "5": 0.07830211520195007,
      "6": 0.1921084225177765,
      "7": 0.10654130578041077,
      "8": 0.1718953251838684,
      "9": 0.09045635908842087,
      "10": 0.09022919088602066,
      "11": 0.09764058142900467,
      "12": 0.06309965997934341,
      "13": 0.2142203003168106,
      "14": 0.18947288393974304,
      "15": 0.23878967761993408,
      "16": 0.02997986227273941,
      "17": 0.12173528969287872,
      "18": 0.2211625874042511,
      "19": 0.0312662236392498,
      "20": 0.11116296797990799,
      "21": 0.17865045368671417,
      "22": 0.06094668060541153,
      "23": 0.22892943024635315,
      "24": 0.21048444509506226,
      "25": 0.1431388258934021,
      "26": 0.12916293740272522,
      "27": 0.20007288455963135,
      "28": 0.11482502520084381,
      "29": 0.13805323839187622,
      "30": 0.050341855734586716,
      "31": 0.15858954191207886,
      "32": 0.15286189317703247,
      "33": 0.1697492003440857,
      "34": 0.1978861540555954,
      "35": 0.13922764360904694,
      "36": 0.08547054976224899,
      "37": 0.19119387865066528,
      "38": 0.06402494013309479,
      "39": 0.11751502007246017,
      "40": 0.18385669589042664,
      "41": 0.06981978565454483,
      "42": 0.10046978294849396,
      "43": 0.15887729823589325,
      "44": 0.14734101295471191,
      "45": 0.05583043023943901,
      "46": 0.06115017086267471,
      "47": 0.09397884458303452,
      "48": 0.08227670192718506,
      "49": 0.06154381111264229,
      "50": 0.06696660071611404,
      "51": 0.07150274515151978,
      "52": 0.11579284071922302,
      "53": 0.23546908795833588,
      "54": 0.04527398571372032,
      "55": 0.11274197697639465,
      "56": 0.16303159296512604,
      "57": 0.07707049697637558,
      "58": 0.06133260577917099,
      "59": 0.1726970374584198,
      "60": 0.14598530530929565,
      "61": 0.07844539731740952,
      "62": 0.1680588722229004,
      "63": 0.13980631530284882,
      "64": 0.352568656206131,
      "65": 0.11657170951366425,
      "66": 0.12369132786989212,
      "67": 0.12749916315078735,
      "68": 0.15078909695148468,
      "69": 0.13246367871761322,
      "70": 0.08889082819223404,
      "71": 0.12306556105613708,
      "72": 0.07963181287050247,
      "73": 0.10391625016927719,
      "74": 0.14124621450901031,
      "75": 0.1294676661491394,
      "76": 0.07150924950838089,
      "77": 0.06920690089464188,
      "78": 0.05280139297246933,
      "79": 0.03447885066270828,
      "80": 0.09926936030387878,
      "81": 0.03859931230545044,
      "82": 0.06389687210321426,
      "83": 0.13251209259033203,
      "84": 0.10871130228042603,
      "85": 0.15088243782520294,
      "86": 0.1793101727962494,
      "87": 0.1993466168642044,
      "88": 0.1527939885854721,
      "89": 0.08661876618862152,
      "90": 0.1715593785047531,
      "91": 0.1116732582449913,
      "92": 0.21571482717990875,
      "93": 0.14169801771640778,
      "94": 0.10605759918689728,
      "95": 0.1810581088066101,
      "96": 0.10167501121759415,
      "97": 0.13699045777320862,
      "98": 0.1846136450767517,
      "99": 0.17480140924453735
    }
  },
  "bnn": {
    "mean_scores": {
      "0": 0.20099596679210663,
      "1": 0.19658653438091278,
      "2": 0.27778738737106323,
      "3": 0.28462180495262146,
      "4": 0.19568558037281036,
      "5": 0.21086113154888153,
      "6": 0.14742650091648102,
      "7": 0.24354159832000732,
      "8": 0.2769221067428589,
      "9": 0.13471657037734985,
      "10": 0.1661023497581482,
      "11": 0.1515987068414688,
      "12": 0.17504610121250153,
      "13": 0.3195570707321167,
      "14": 0.2265883833169937,
      "15": 0.2351948320865631,
      "16": 0.1428457498550415,
      "17": 0.16646412014961243,
      "18": 0.28152793645858765,
      "19": 0.10634660720825195,
      "20": 0.2434326559305191,
      "21": 0.14058631658554077,
      "22": 0.1871560662984848,
      "23": 0.23023627698421478,
      "24": 0.2065885215997696,
      "25": 0.1426439732313156,
      "26": 0.17135260999202728,