{
  "turno": "nocturna",
  "n_draws": 225,
  "timestamp": "2026-06-13T00:39:19.684851",
  "lstm": {
    "accuracy": 0.0,
    "loss": 0.47874370217323303,
    "top10": [
      81,
      33,
      27,
      76,
      51,
      70,
      31,
      48,
      39,
      16
    ],
    "scores": {
      "0": 0.14113320410251617,
      "1": 0.1833573877811432,
      "2": 0.16392965614795685,
      "3": 0.1481122225522995,
      "4": 0.14773988723754883,
      "5": 0.14545203745365143,
      "6": 0.12511733174324036,
      "7": 0.17389290034770966,
      "8": 0.2302873581647873,
      "9": 0.17093269526958466,
      "10": 0.21602319180965424,
      "11": 0.16714589297771454,
      "12": 0.15993259847164154,
      "13": 0.1788657307624817,
      "14": 0.1918296366930008,
      "15": 0.183214470744133,
      "16": 0.3241618573665619,
      "17": 0.14144624769687653,
      "18": 0.09551974385976791,
      "19": 0.22968809306621552,
      "20": 0.1836426705121994,
      "21": 0.2086009830236435,
      "22": 0.20719966292381287,
      "23": 0.1757190078496933,
      "24": 0.1657090187072754,
      "25": 0.18605704605579376,
      "26": 0.1696746051311493,
      "27": 0.26391419768333435,
      "28": 0.17961248755455017,
      "29": 0.13080260157585144,
      "30": 0.2196095883846283,
      "31": 0.28522801399230957,
      "32": 0.22224275767803192,
      "33": 0.25755664706230164,
      "34": 0.18517783284187317,
      "35": 0.22491629421710968,
      "36": 0.19390171766281128,
      "37": 0.19021403789520264,
      "38": 0.11063509434461594,
      "39": 0.32240572571754456,
      "40": 0.213791161775589,
      "41": 0.23323160409927368,
      "42": 0.1904418021440506,
      "43": 0.09805753082036972,
      "44": 0.11610768735408783,
      "45": 0.24359740316867828,
      "46": 0.13380855321884155,
      "47": 0.21435433626174927,
      "48": 0.2975698709487915,
      "49": 0.22849781811237335,
      "50": 0.19966554641723633,
      "51": 0.2790673077106476,
      "52": 0.19171768426895142,
      "53": 0.14774799346923828,
      "54": 0.17035473883152008,
      "55": 0.23624758422374725,
      "56": 0.150669127702713,
      "57": 0.17316904664039612,
      "58": 0.17119409143924713,
      "59": 0.17424707114696503,
      "60": 0.16292017698287964,
      "61": 0.2421572208404541,
      "62": 0.18434536457061768,
      "63": 0.19898180663585663,
      "64": 0.22871379554271698,
      "65": 0.19175800681114197,
      "66": 0.10809490084648132,
      "67": 0.12544848024845123,
      "68": 0.18143106997013092,
      "69": 0.1865418404340744,
      "70": 0.2814578711986542,
      "71": 0.22904804348945618,
      "72": 0.20818687975406647,
      "73": 0.1375947892665863,
      "74": 0.1702345609664917,
      "75": 0.17962732911109924,
      "76": 0.2698073089122772,
      "77": 0.16938787698745728,
      "78": 0.19415323436260223,
      "79": 0.13131320476531982,
      "80": 0.2421049326658249,
      "81": 0.2555532455444336,
      "82": 0.1886935532093048,
      "83": 0.12340044975280762,
      "84": 0.18624119460582733,
      "85": 0.1762305200099945,
      "86": 0.19678719341754913,
      "87": 0.2104126363992691,
      "88": 0.1880974918603897,
      "89": 0.1722189038991928,
      "90": 0.18551324307918549,
      "91": 0.14458219707012177,
      "92": 0.1686699241399765,
      "93": 0.13274922966957092,
      "94": 0.2432452291250229,
      "95": 0.17950688302516937,
      "96": 0.16371063888072968,
      "97": 0.23514866828918457,
      "98": 0.1775614619255066,
      "99": 0.2382352352142334
    }
  },
  "transformer": {
    "accuracy": 0.0,
    "loss": 0.5184353590011597,
    "top10": [
      84,
      16,
      53,
      37,
      93,
      63,
      13,
      19,
      3,
      76
    ],
    "scores": {
      "0": 0.09130706638097763,
      "1": 0.11149384081363678,
      "2": 0.1853405088186264,
      "3": 0.3880131244659424,
      "4": 0.06234954297542572,
      "5": 0.0935741662979126,
      "6": 0.011563332751393318,
      "7": 0.07509222626686096,
      "8": 0.14842559397220612,
      "9": 0.07133921980857849,
      "10": 0.07848713546991348,
      "11": 0.08698496222496033,
      "12": 0.010186362080276012,
      "13": 0.3140524625778198,
      "14": 0.05675477907061577,
      "15": 0.22043725848197937,
      "16": 0.2815433442592621,
      "17": 0.012616393156349659,
      "18": 0.017287807539105415,
      "19": 0.32233577966690063,
      "20": 0.048022620379924774,
      "21": 0.15968433022499084,
      "22": 0.0410551019012928,
      "23": 0.23295599222183228,
      "24": 0.211573526263237,
      "25": 0.043576668947935104,
      "26": 0.020567359402775764,
      "27": 0.12101373076438904,
      "28": 0.07276762276887894,
      "29": 0.0479927621781826,
      "30": 0.18034890294075012,
      "31": 0.08329284191131592,
      "32": 0.036414965987205505,
      "33": 0.14169855415821075,
      "34": 0.07821180671453476,
      "35": 0.10144228488206863,
      "36": 0.04246338829398155,
      "37": 0.2865857481956482,
      "38": 0.02936292253434658,
      "39": 0.14069285988807678,
      "40": 0.2391740083694458,
      "41": 0.03492042049765587,
      "42": 0.1431186944246292,
      "43": 0.0725390762090683,
      "44": 0.20797185599803925,
      "45": 0.24607084691524506,
      "46": 0.032723281532526016,
      "47": 0.08479414135217667,
      "48": 0.0996582880616188,
      "49": 0.10055419057607651,
      "50": 0.06338120996952057,
      "51": 0.16525819897651672,
      "52": 0.08075398206710815,
      "53": 0.282723993062973,
      "54": 0.10928457975387573,
      "55": 0.0981324315071106,
      "56": 0.09800255298614502,
      "57": 0.039130039513111115,
      "58": 0.05227542668581009,
      "59": 0.12071707099676132,
      "60": 0.13056547939777374,
      "61": 0.10524387657642365,
      "62": 0.11900908499956131,
      "63": 0.30983632802963257,
      "64": 0.03245466575026512,
      "65": 0.07236053049564362,
      "66": 0.04306485131382942,
      "67": 0.05921580642461777,
      "68": 0.08678470551967621,
      "69": 0.08987739682197571,
      "70": 0.11367638409137726,
      "71": 0.05426342040300369,
      "72": 0.18128702044487,
      "73": 0.21500113606452942,
      "74": 0.15334483981132507,
      "75": 0.07512663304805756,
      "76": 0.3941095769405365,
      "77": 0.09974915534257889,
      "78": 0.10322325676679611,
      "79": 0.13202917575836182,
      "80": 0.06705862283706665,
      "81": 0.08347048610448837,
      "82": 0.016022056341171265,
      "83": 0.113284170627594,
      "84": 0.2479390650987625,
      "85": 0.02815532498061657,
      "86": 0.03381721302866936,
      "87": 0.07940760999917984,
      "88": 0.07235825806856155,
      "89": 0.11503588408231735,
      "90": 0.05682412162423134,
      "91": 0.08533092588186264,
      "92": 0.05338209494948387,
      "93": 0.2980104982852936,
      "94": 0.0626746118068695,
      "95": 0.12397836148738861,
      "96": 0.13199180364608765,
      "97": 0.08477820456027985,
      "98": 0.04054403305053711,
      "99": 0.06217975169420242
    }
  },
  "bnn": {
    "mean_scores": {
      "0": 0.1607457399368286,
      "1": 0.1729179173707962,
      "2": 0.22989356517791748,
      "3": 0.23422546684741974,
      "4": 0.14812713861465454,
      "5": 0.25979992747306824,
      "6": 0.14664794504642487,
      "7": 0.2495274692773819,
      "8": 0.24368804693222046,
      "9": 0.18390268087387085,
      "10": 0.22926458716392517,
      "11": 0.2022494375705719,
      "12": 0.2186134308576584,
      "13": 0.26431044936180115,
      "14": 0.21263273060321808,
      "15": 0.2302001416683197,
      "16": 0.24619115889072418,
      "17": 0.12033874541521072,
      "18": 0.10549229383468628,
      "19": 0.23265962302684784,
      "20": 0.24659870564937592,
      "21": 0.1891537606716156,
      "22": 0.18732242286205292,
      "23": 0.32666656374931335,
      "24": 0.16175946593284607,
      "25": 0.19961588084697723,
      "26": 0.15845048427581787,
      "27": 0.3394562005996704,