{
  "turno": "previa",
  "n_draws": 155,
  "timestamp": "2026-06-20T02:35:56.253401",
  "lstm": {
    "accuracy": 0.0,
    "loss": 0.47512727975845337,
    "top10": [
      13,
      84,
      19,
      77,
      40,
      48,
      21,
      72,
      3,
      23
    ],
    "scores": {
      "0": 0.1760369837284088,
      "1": 0.17719385027885437,
      "2": 0.21102122962474823,
      "3": 0.2586232125759125,
      "4": 0.11118375509977341,
      "5": 0.15590399503707886,
      "6": 0.18262843787670135,
      "7": 0.18656092882156372,
      "8": 0.19439902901649475,
      "9": 0.19467715919017792,
      "10": 0.17642313241958618,
      "11": 0.20308296382427216,
      "12": 0.15623939037322998,
      "13": 0.24146273732185364,
      "14": 0.1732214391231537,
      "15": 0.21687181293964386,
      "16": 0.20985285937786102,
      "17": 0.1870284527540207,
      "18": 0.14166755974292755,
      "19": 0.24221499264240265,
      "20": 0.2009688764810562,
      "21": 0.24718210101127625,
      "22": 0.14847005903720856,
      "23": 0.26528966426849365,
      "24": 0.18789517879486084,
      "25": 0.23521900177001953,
      "26": 0.18220753967761993,
      "27": 0.21969352662563324,
      "28": 0.14258749783039093,
      "29": 0.16294173896312714,
      "30": 0.19172610342502594,
      "31": 0.13094663619995117,
      "32": 0.18908467888832092,
      "33": 0.150449737906456,
      "34": 0.18876752257347107,
      "35": 0.18780732154846191,
      "36": 0.2291487753391266,
      "37": 0.19947019219398499,
      "38": 0.17977172136306763,
      "39": 0.1823103129863739,
      "40": 0.24590270221233368,
      "41": 0.17317605018615723,
      "42": 0.22794245183467865,
      "43": 0.22269879281520844,
      "44": 0.15760423243045807,
      "45": 0.18337611854076385,
      "46": 0.2156142145395279,
      "47": 0.18825919926166534,
      "48": 0.2468898594379425,
      "49": 0.18285806477069855,
      "50": 0.1236417293548584,
      "51": 0.08350956439971924,
      "52": 0.19862878322601318,
      "53": 0.18514162302017212,
      "54": 0.22889842092990875,
      "55": 0.20787450671195984,
      "56": 0.1857180893421173,
      "57": 0.17740996181964874,
      "58": 0.15506041049957275,
      "59": 0.1547025442123413,
      "60": 0.18267621099948883,
      "61": 0.2327791452407837,
      "62": 0.16583466529846191,
      "63": 0.1851225346326828,
      "64": 0.2389119416475296,
      "65": 0.1685330718755722,
      "66": 0.18919143080711365,
      "67": 0.12894485890865326,
      "68": 0.15206238627433777,
      "69": 0.23376543819904327,
      "70": 0.2293349951505661,
      "71": 0.19459132850170135,
      "72": 0.24733611941337585,
      "73": 0.20053553581237793,
      "74": 0.12801256775856018,
      "75": 0.16898196935653687,
      "76": 0.21148061752319336,
      "77": 0.24238654971122742,
      "78": 0.1566162258386612,
      "79": 0.15971681475639343,
      "80": 0.19995684921741486,
      "81": 0.21312971413135529,
      "82": 0.2408474087715149,
      "83": 0.20595622062683105,
      "84": 0.24213680624961853,
      "85": 0.19372107088565826,
      "86": 0.2019653022289276,
      "87": 0.21670809388160706,
      "88": 0.19910183548927307,
      "89": 0.14829348027706146,
      "90": 0.21010534465312958,
      "91": 0.19036772847175598,
      "92": 0.2366867959499359,
      "93": 0.14139096438884735,
      "94": 0.16669519245624542,
      "95": 0.17474757134914398,
      "96": 0.12550942599773407,
      "97": 0.21944022178649902,
      "98": 0.1918821632862091,
      "99": 0.20799806714057922
    }
  },
  "transformer": {
    "accuracy": 0.0,
    "loss": 0.48628565669059753,
    "top10": [
      54,
      52,
      97,
      25,
      88,
      2,
      58,
      48,
      70,
      23
    ],
    "scores": {
      "0": 0.22208429872989655,
      "1": 0.19732783734798431,
      "2": 0.29991474747657776,
      "3": 0.10809396207332611,
      "4": 0.21973375976085663,
      "5": 0.19110211730003357,
      "6": 0.16303548216819763,
      "7": 0.1292213648557663,
      "8": 0.13631224632263184,
      "9": 0.14576169848442078,
      "10": 0.08736085891723633,
      "11": 0.14461840689182281,
      "12": 0.0783192366361618,
      "13": 0.20240873098373413,
      "14": 0.09158975630998611,
      "15": 0.23825250566005707,
      "16": 0.11046412587165833,
      "17": 0.21235530078411102,
      "18": 0.057074230164289474,
      "19": 0.16952134668827057,
      "20": 0.13291655480861664,
      "21": 0.14366403222084045,
      "22": 0.1658407300710678,
      "23": 0.38381069898605347,
      "24": 0.13464456796646118,
      "25": 0.29292604327201843,
      "26": 0.0979531854391098,
      "27": 0.1316366046667099,
      "28": 0.09645974636077881,
      "29": 0.12655459344387054,
      "30": 0.24572980403900146,
      "31": 0.11694170534610748,
      "32": 0.19789543747901917,
      "33": 0.10010542720556259,
      "34": 0.1564967781305313,
      "35": 0.1499577909708023,
      "36": 0.22062870860099792,
      "37": 0.15892091393470764,
      "38": 0.24518251419067383,
      "39": 0.15222015976905823,
      "40": 0.13832995295524597,
      "41": 0.07824291288852692,
      "42": 0.19283685088157654,
      "43": 0.1817009449005127,
      "44": 0.11732790619134903,
      "45": 0.22542613744735718,
      "46": 0.11844873428344727,
      "47": 0.20707617700099945,
      "48": 0.33825019001960754,
      "49": 0.12419256567955017,
      "50": 0.10657887160778046,
      "51": 0.060445427894592285,
      "52": 0.2671709358692169,
      "53": 0.11189691722393036,
      "54": 0.25064441561698914,
      "55": 0.19753943383693695,
      "56": 0.08286949247121811,
      "57": 0.1727519929409027,
      "58": 0.30573898553848267,
      "59": 0.17861375212669373,
      "60": 0.1701243817806244,
      "61": 0.2171514928340912,
      "62": 0.15619529783725739,
      "63": 0.09729521721601486,
      "64": 0.22966094315052032,
      "65": 0.11444899439811707,
      "66": 0.22120758891105652,
      "67": 0.05958842858672142,
      "68": 0.055327821522951126,
      "69": 0.2110975980758667,
      "70": 0.3704029619693756,
      "71": 0.13259536027908325,
      "72": 0.18423078954219818,
      "73": 0.14749738574028015,
      "74": 0.11036242544651031,
      "75": 0.1590861678123474,
      "76": 0.21330882608890533,
      "77": 0.13749364018440247,
      "78": 0.11483697593212128,
      "79": 0.12968653440475464,
      "80": 0.17688299715518951,
      "81": 0.11040915548801422,
      "82": 0.14230966567993164,
      "83": 0.15849654376506805,
      "84": 0.20317746698856354,
      "85": 0.10959295183420181,
      "86": 0.18274569511413574,
      "87": 0.2079998403787613,
      "88": 0.293104887008667,
      "89": 0.13834154605865479,
      "90": 0.15335075557231903,
      "91": 0.12144296616315842,
      "92": 0.16743561625480652,
      "93": 0.11129000782966614,
      "94": 0.13346832990646362,
      "95": 0.15669198334217072,
      "96": 0.11783604323863983,
      "97": 0.27031806111335754,
      "98": 0.18972353637218475,
      "99": 0.24982699751853943
    }
  },
  "bnn": {
    "mean_scores": {
      "0": 0.22781385481357574,
      "1": 0.16734452545642853,
      "2": 0.23561182618141174,
      "3": 0.3217048943042755,
      "4": 0.12741683423519135,
      "5": 0.16946826875209808,
      "6": 0.18686486780643463,
      "7": 0.21930387616157532,
      "8": 0.193736270070076,
      "9": 0.195513516664505,
      "10": 0.15149424970149994,
      "11": 0.1911858320236206,
      "12": 0.1567515879869461,
      "13": 0.2990920841693878,
      "14": 0.15266603231430054,
      "15": 0.20978322625160217,
      "16": 0.18308551609516144,
      "17": 0.19644200801849365,
      "18": 0.1647954136133194,
      "19": 0.2154739499092102,
      "20": 0.2333427369594574,
      "21": 0.22836190462112427,
      "22": 0.2071184515953064,
      "23": 0.3772519826889038,
      "24": 0.1677890568971634,
      "25": 0.19373518228530884,
      "26": 0.15368732810020447,
      "27": 0.17673572897911072,