{
  "turno": "primera",
  "n_draws": 225,
  "timestamp": "2026-06-13T00:38:42.172147",
  "lstm": {
    "accuracy": 0.0,
    "loss": 0.48624175786972046,
    "top10": [
      69,
      37,
      45,
      32,
      84,
      95,
      74,
      96,
      77,
      68
    ],
    "scores": {
      "0": 0.13895739614963531,
      "1": 0.1538536101579666,
      "2": 0.19498449563980103,
      "3": 0.15819433331489563,
      "4": 0.17764031887054443,
      "5": 0.1822049915790558,
      "6": 0.1144736185669899,
      "7": 0.12394718080759048,
      "8": 0.23330843448638916,
      "9": 0.20807957649230957,
      "10": 0.12609867751598358,
      "11": 0.16072967648506165,
      "12": 0.12009196728467941,
      "13": 0.07336313277482986,
      "14": 0.17178833484649658,
      "15": 0.19488438963890076,
      "16": 0.22316478192806244,
      "17": 0.16559801995754242,
      "18": 0.21757057309150696,
      "19": 0.20879197120666504,
      "20": 0.14928500354290009,
      "21": 0.22849644720554352,
      "22": 0.2358628511428833,
      "23": 0.18447257578372955,
      "24": 0.19975025951862335,
      "25": 0.16136105358600616,
      "26": 0.15070292353630066,
      "27": 0.2174222618341446,
      "28": 0.1794949471950531,
      "29": 0.22799858450889587,
      "30": 0.1907835453748703,
      "31": 0.2092883288860321,
      "32": 0.2562415301799774,
      "33": 0.21570710837841034,
      "34": 0.15289753675460815,
      "35": 0.19364401698112488,
      "36": 0.19186630845069885,
      "37": 0.253752201795578,
      "38": 0.22749505937099457,
      "39": 0.1551876664161682,
      "40": 0.22189268469810486,
      "41": 0.1877918541431427,
      "42": 0.10357629507780075,
      "43": 0.12460614740848541,
      "44": 0.20086883008480072,
      "45": 0.2553917467594147,
      "46": 0.24358175694942474,
      "47": 0.14236631989479065,
      "48": 0.2191958874464035,
      "49": 0.22977976500988007,
      "50": 0.20312364399433136,
      "51": 0.15892569720745087,
      "52": 0.18938352167606354,
      "53": 0.07480233162641525,
      "54": 0.1536124348640442,
      "55": 0.17563626170158386,
      "56": 0.24427363276481628,
      "57": 0.23796404898166656,
      "58": 0.22797667980194092,
      "59": 0.19548635184764862,
      "60": 0.1530032604932785,
      "61": 0.16134454309940338,
      "62": 0.2037527859210968,
      "63": 0.08444589376449585,
      "64": 0.24913114309310913,
      "65": 0.16357575356960297,
      "66": 0.21776248514652252,
      "67": 0.15972112119197845,
      "68": 0.2931700348854065,
      "69": 0.24923186004161835,
      "70": 0.15983076393604279,
      "71": 0.23194476962089539,
      "72": 0.19973094761371613,
      "73": 0.1977817416191101,
      "74": 0.2703646421432495,
      "75": 0.1929626166820526,
      "76": 0.16740012168884277,
      "77": 0.2931443154811859,
      "78": 0.1049039289355278,
      "79": 0.17699775099754333,
      "80": 0.2284258008003235,
      "81": 0.16760295629501343,
      "82": 0.20925837755203247,
      "83": 0.14848332107067108,
      "84": 0.2658483684062958,
      "85": 0.15840879082679749,
      "86": 0.1706363558769226,
      "87": 0.1985771209001541,
      "88": 0.22806613147258759,
      "89": 0.14702877402305603,
      "90": 0.1396796703338623,
      "91": 0.1926940232515335,
      "92": 0.19232448935508728,
      "93": 0.21113623678684235,
      "94": 0.14848297834396362,
      "95": 0.2678024172782898,
      "96": 0.28996676206588745,
      "97": 0.1581009030342102,
      "98": 0.1282644271850586,
      "99": 0.16459114849567413
    }
  },
  "transformer": {
    "accuracy": 0.0,
    "loss": 0.5388617515563965,
    "top10": [
      45,
      2,
      80,
      68,
      33,
      22,
      9,
      23,
      44,
      96
    ],
    "scores": {
      "0": 0.055193617939949036,
      "1": 0.058381449431180954,
      "2": 0.277286559343338,
      "3": 0.09619875997304916,
      "4": 0.047053541988134384,
      "5": 0.12828803062438965,
      "6": 0.12160540372133255,
      "7": 0.1261875182390213,
      "8": 0.19486716389656067,
      "9": 0.3294578194618225,
      "10": 0.14676961302757263,
      "11": 0.1384812891483307,
      "12": 0.07279413938522339,
      "13": 0.11045093834400177,
      "14": 0.1034943237900734,
      "15": 0.11902785301208496,
      "16": 0.22899851202964783,
      "17": 0.11915064603090286,
      "18": 0.15788419544696808,
      "19": 0.1681961864233017,
      "20": 0.10252179205417633,
      "21": 0.22252677381038666,
      "22": 0.29483217000961304,
      "23": 0.3370463252067566,
      "24": 0.13038384914398193,
      "25": 0.0941876471042633,
      "26": 0.11193518340587616,
      "27": 0.21092259883880615,
      "28": 0.0837169885635376,
      "29": 0.1935829371213913,
      "30": 0.1815539449453354,
      "31": 0.08080464601516724,
      "32": 0.1365130990743637,
      "33": 0.292551726102829,
      "34": 0.1359853595495224,
      "35": 0.13993698358535767,
      "36": 0.2158203125,
      "37": 0.10205011814832687,
      "38": 0.1827336996793747,
      "39": 0.13694165647029877,
      "40": 0.1396457403898239,
      "41": 0.1907457709312439,
      "42": 0.06459494680166245,
      "43": 0.18657375872135162,
      "44": 0.3886369466781616,
      "45": 0.2767106294631958,
      "46": 0.2411983460187912,
      "47": 0.21150600910186768,
      "48": 0.2684440612792969,
      "49": 0.21202914416790009,
      "50": 0.21788670122623444,
      "51": 0.10800214111804962,
      "52": 0.09662275016307831,
      "53": 0.07856188714504242,
      "54": 0.14041754603385925,
      "55": 0.16314029693603516,
      "56": 0.2052139788866043,
      "57": 0.10772982984781265,
      "58": 0.25468048453330994,
      "59": 0.08599577099084854,
      "60": 0.2164619266986847,
      "61": 0.1092318668961525,
      "62": 0.12330686300992966,
      "63": 0.04721910133957863,
      "64": 0.1941940039396286,
      "65": 0.11868768185377121,
      "66": 0.18798108398914337,
      "67": 0.21298915147781372,
      "68": 0.2839585840702057,
      "69": 0.20415152609348297,
      "70": 0.10842609405517578,
      "71": 0.19908984005451202,
      "72": 0.14844399690628052,
      "73": 0.2503418028354645,
      "74": 0.21605391800403595,
      "75": 0.23818260431289673,
      "76": 0.22916661202907562,
      "77": 0.2293284684419632,
      "78": 0.0968015044927597,
      "79": 0.269649863243103,
      "80": 0.2836915850639343,
      "81": 0.2026873677968979,
      "82": 0.15147504210472107,
      "83": 0.159947469830513,
      "84": 0.17430195212364197,
      "85": 0.1340676099061966,
      "86": 0.12203187495470047,
      "87": 0.19008396565914154,
      "88": 0.2691628336906433,
      "89": 0.1385067254304886,
      "90": 0.09979890286922455,
      "91": 0.09884897619485855,
      "92": 0.14411664009094238,
      "93": 0.20199277997016907,
      "94": 0.1408875733613968,
      "95": 0.16500140726566315,
      "96": 0.4622640609741211,
      "97": 0.15186339616775513,
      "98": 0.07023225724697113,
      "99": 0.15387612581253052
    }
  },
  "bnn": {
    "mean_scores": {
      "0": 0.14505596458911896,
      "1": 0.18531933426856995,
      "2": 0.23453080654144287,
      "3": 0.2549305260181427,
      "4": 0.15616770088672638,
      "5": 0.237956240773201,
      "6": 0.19824054837226868,
      "7": 0.13126446306705475,
      "8": 0.2554628849029541,
      "9": 0.24499410390853882,
      "10": 0.1531156301498413,
      "11": 0.16557374596595764,
      "12": 0.13120989501476288,
      "13": 0.19440431892871857,
      "14": 0.22601932287216187,
      "15": 0.2717316746711731,
      "16": 0.286040335893631,
      "17": 0.165194571018219,
      "18": 0.1912597268819809,
      "19": 0.27720144391059875,
      "20": 0.2085234671831131,
      "21": 0.24151736497879028,
      "22": 0.2293945848941803,
      "23": 0.3400993049144745,
      "24": 0.17191176116466522,
      "25": 0.16728578507900238,
      "26": 0.11489174515008926,
      "27": 0.23620647192001343,
      "28": 0.2330336570739746,