{
  "turno": "nocturna",
  "n_draws": 225,
  "timestamp": "2026-06-13T00:48:24.612767",
  "lstm": {
    "accuracy": 0.0,
    "loss": 0.4788680970668793,
    "top10": [
      61,
      55,
      70,
      76,
      51,
      33,
      39,
      31,
      16,
      48
    ],
    "scores": {
      "0": 0.1488673985004425,
      "1": 0.18828988075256348,
      "2": 0.1766243427991867,
      "3": 0.1512441784143448,
      "4": 0.14510585367679596,
      "5": 0.1494036465883255,
      "6": 0.12071842700242996,
      "7": 0.1908954530954361,
      "8": 0.21460118889808655,
      "9": 0.19916759431362152,
      "10": 0.21419259905815125,
      "11": 0.19967961311340332,
      "12": 0.1549483835697174,
      "13": 0.20893187820911407,
      "14": 0.16948513686656952,
      "15": 0.2024640589952469,
      "16": 0.3086579740047455,
      "17": 0.14078699052333832,
      "18": 0.1017443984746933,
      "19": 0.22582003474235535,
      "20": 0.1959119439125061,
      "21": 0.21895122528076172,
      "22": 0.1757785826921463,
      "23": 0.21732710301876068,
      "24": 0.14985980093479156,
      "25": 0.20974192023277283,
      "26": 0.1850336492061615,
      "27": 0.2413538694381714,
      "28": 0.18946148455142975,
      "29": 0.12954498827457428,
      "30": 0.1989389806985855,
      "31": 0.29751890897750854,
      "32": 0.1891191601753235,
      "33": 0.2796575129032135,
      "34": 0.20386193692684174,
      "35": 0.20335233211517334,
      "36": 0.2016226053237915,
      "37": 0.19329211115837097,
      "38": 0.12145458906888962,
      "39": 0.289711594581604,
      "40": 0.22426672279834747,
      "41": 0.2237701267004013,
      "42": 0.20704537630081177,
      "43": 0.11292065680027008,
      "44": 0.14624996483325958,
      "45": 0.22892224788665771,
      "46": 0.13342253863811493,
      "47": 0.2108931988477707,
      "48": 0.324954628944397,
      "49": 0.242926687002182,
      "50": 0.22315308451652527,
      "51": 0.27372223138809204,
      "52": 0.17856581509113312,
      "53": 0.182449609041214,
      "54": 0.17843204736709595,
      "55": 0.26506391167640686,
      "56": 0.15884160995483398,
      "57": 0.16537609696388245,
      "58": 0.16743147373199463,
      "59": 0.17842306196689606,
      "60": 0.19278955459594727,
      "61": 0.2509849965572357,
      "62": 0.21301472187042236,
      "63": 0.23512734472751617,
      "64": 0.21427959203720093,
      "65": 0.19484855234622955,
      "66": 0.11206267774105072,
      "67": 0.11597499251365662,
      "68": 0.16883601248264313,
      "69": 0.1753062903881073,
      "70": 0.2681000232696533,
      "71": 0.20917357504367828,
      "72": 0.20795981585979462,
      "73": 0.18217065930366516,
      "74": 0.1597004383802414,
      "75": 0.17670756578445435,
      "76": 0.2735491693019867,
      "77": 0.20242983102798462,
      "78": 0.2093985676765442,
      "79": 0.1609441488981247,
      "80": 0.23875710368156433,
      "81": 0.23562675714492798,
      "82": 0.17092210054397583,
      "83": 0.13687904179096222,
      "84": 0.21349510550498962,
      "85": 0.18945994973182678,
      "86": 0.226799875497818,
      "87": 0.22068743407726288,
      "88": 0.19153699278831482,
      "89": 0.20063865184783936,
      "90": 0.17334097623825073,
      "91": 0.15615062415599823,
      "92": 0.1880364716053009,
      "93": 0.1615252047777176,
      "94": 0.24930860102176666,
      "95": 0.16725559532642365,
      "96": 0.17749540507793427,
      "97": 0.24203647673130035,
      "98": 0.15060709416866302,
      "99": 0.24561113119125366
    }
  },
  "transformer": {
    "accuracy": 0.0,
    "loss": 0.51022869348526,
    "top10": [
      33,
      97,
      78,
      76,
      52,
      13,
      83,
      53,
      3,
      63
    ],
    "scores": {
      "0": 0.07871919125318527,
      "1": 0.13776879012584686,
      "2": 0.14924179017543793,
      "3": 0.4916473627090454,
      "4": 0.060581907629966736,
      "5": 0.07850237190723419,
      "6": 0.05679035186767578,
      "7": 0.17909103631973267,
      "8": 0.16958709061145782,
      "9": 0.22161364555358887,
      "10": 0.11594438552856445,
      "11": 0.18929576873779297,
      "12": 0.1061595156788826,
      "13": 0.370822012424469,
      "14": 0.15549544990062714,
      "15": 0.13000155985355377,
      "16": 0.2756364345550537,
      "17": 0.08843842893838882,
      "18": 0.09450718015432358,
      "19": 0.1631743162870407,
      "20": 0.15738455951213837,
      "21": 0.12505444884300232,
      "22": 0.07417389005422592,
      "23": 0.2816976010799408,
      "24": 0.11500804871320724,
      "25": 0.08610736578702927,
      "26": 0.22464099526405334,
      "27": 0.234282985329628,
      "28": 0.08803421258926392,
      "29": 0.19703644514083862,
      "30": 0.1763307899236679,
      "31": 0.05736848711967468,
      "32": 0.09504146128892899,
      "33": 0.30099979043006897,
      "34": 0.21127472817897797,
      "35": 0.11604645848274231,
      "36": 0.136369988322258,
      "37": 0.13486844301223755,
      "38": 0.04253506660461426,
      "39": 0.11253843456506729,
      "40": 0.18495427072048187,
      "41": 0.043840304017066956,
      "42": 0.098512664437294,
      "43": 0.2662283778190613,
      "44": 0.12309809029102325,
      "45": 0.24226386845111847,
      "46": 0.13889804482460022,
      "47": 0.21421852707862854,
      "48": 0.27631527185440063,
      "49": 0.20836296677589417,
      "50": 0.15461812913417816,
      "51": 0.2135239839553833,
      "52": 0.36515769362449646,
      "53": 0.41715943813323975,
      "54": 0.19480516016483307,
      "55": 0.20332059264183044,
      "56": 0.22478552162647247,
      "57": 0.1590597778558731,
      "58": 0.07690227776765823,
      "59": 0.23368680477142334,
      "60": 0.13761135935783386,
      "61": 0.14149756729602814,
      "62": 0.1040492057800293,
      "63": 0.5025047063827515,
      "64": 0.1783922016620636,
      "65": 0.10727342963218689,
      "66": 0.044515810906887054,
      "67": 0.10108105838298798,
      "68": 0.15934957563877106,
      "69": 0.14402715861797333,
      "70": 0.18584628403186798,
      "71": 0.06915134936571121,
      "72": 0.11384928971529007,
      "73": 0.2176205813884735,
      "74": 0.10051313787698746,
      "75": 0.14006023108959198,
      "76": 0.3603809177875519,
      "77": 0.15659190714359283,
      "78": 0.35445883870124817,
      "79": 0.22727882862091064,
      "80": 0.07909519225358963,
      "81": 0.05591895058751106,
      "82": 0.14268720149993896,
      "83": 0.3829182982444763,
      "84": 0.08733214437961578,
      "85": 0.10008756071329117,
      "86": 0.11166108399629593,
      "87": 0.12537623941898346,
      "88": 0.16266611218452454,
      "89": 0.11246372014284134,
      "90": 0.13442867994308472,
      "91": 0.15589745342731476,
      "92": 0.10822910070419312,
      "93": 0.2797303795814514,
      "94": 0.16816633939743042,
      "95": 0.2493647187948227,
      "96": 0.2048616111278534,
      "97": 0.33517253398895264,
      "98": 0.09321639686822891,
      "99": 0.11180789768695831
    }
  },
  "bnn": {
    "mean_scores": {
      "0": 0.2554008364677429,
      "1": 0.2514652907848358,
      "2": 0.2874552309513092,
      "3": 0.2570450007915497,
      "4": 0.2000601440668106,
      "5": 0.25446632504463196,
      "6": 0.20396237075328827,
      "7": 0.24802522361278534,
      "8": 0.2746914327144623,
      "9": 0.30652445554733276,
      "10": 0.3245416581630707,
      "11": 0.25682416558265686,
      "12": 0.2303665280342102,
      "13": 0.2854692339897156,
      "14": 0.27472999691963196,
      "15": 0.25009194016456604,
      "16": 0.39407166838645935,
      "17": 0.2186417132616043,
      "18": 0.22215504944324493,
      "19": 0.3145788908004761,
      "20": 0.2571991980075836,
      "21": 0.2762290835380554,
      "22": 0.30265605449676514,
      "23": 0.3486316204071045,
      "24": 0.27469921112060547,
      "25": 0.3004370629787445,
      "26": 0.2696245610713959,
      "27": 0.31642231345176697,
      "28": 0.3391137421131134,