{
  "turno": "vespertina",
  "n_draws": 228,
  "timestamp": "2026-06-13T00:39:07.204759",
  "lstm": {
    "accuracy": 0.0,
    "loss": 0.47747209668159485,
    "top10": [
      45,
      24,
      99,
      4,
      80,
      64,
      43,
      98,
      31,
      34
    ],
    "scores": {
      "0": 0.1938898265361786,
      "1": 0.12989960610866547,
      "2": 0.23202155530452728,
      "3": 0.11268901824951172,
      "4": 0.27086949348449707,
      "5": 0.23597870767116547,
      "6": 0.19429606199264526,
      "7": 0.24064253270626068,
      "8": 0.2248629629611969,
      "9": 0.16153891384601593,
      "10": 0.17177046835422516,
      "11": 0.13220612704753876,
      "12": 0.14468613266944885,
      "13": 0.2238732874393463,
      "14": 0.18998679518699646,
      "15": 0.2578699588775635,
      "16": 0.12604886293411255,
      "17": 0.1488681584596634,
      "18": 0.25775811076164246,
      "19": 0.1335037499666214,
      "20": 0.19411598145961761,
      "21": 0.15654562413692474,
      "22": 0.13687865436077118,
      "23": 0.16465948522090912,
      "24": 0.2666122317314148,
      "25": 0.18122708797454834,
      "26": 0.1947227418422699,
      "27": 0.2643074095249176,
      "28": 0.17151102423667908,
      "29": 0.1642731875181198,
      "30": 0.18011488020420074,
      "31": 0.2973136901855469,
      "32": 0.23997658491134644,
      "33": 0.17625178396701813,
      "34": 0.3111612796783447,
      "35": 0.1685200035572052,
      "36": 0.178371861577034,
      "37": 0.253732830286026,
      "38": 0.18956519663333893,
      "39": 0.250817209482193,
      "40": 0.2034602165222168,
      "41": 0.17786453664302826,
      "42": 0.16126666963100433,
      "43": 0.29078251123428345,
      "44": 0.19556598365306854,
      "45": 0.2651498019695282,
      "46": 0.1685553789138794,
      "47": 0.1327427476644516,
      "48": 0.22633421421051025,
      "49": 0.17891187965869904,
      "50": 0.11901815235614777,
      "51": 0.13304711878299713,
      "52": 0.23478208482265472,
      "53": 0.22077278792858124,
      "54": 0.14556847512722015,
      "55": 0.21773912012577057,
      "56": 0.17495384812355042,
      "57": 0.13224108517169952,
      "58": 0.18302412331104279,
      "59": 0.19251538813114166,
      "60": 0.2373080551624298,
      "61": 0.1273612678050995,
      "62": 0.20823262631893158,
      "63": 0.1840110868215561,
      "64": 0.2801341116428375,
      "65": 0.198309063911438,
      "66": 0.23323461413383484,
      "67": 0.16526490449905396,
      "68": 0.22756339609622955,
      "69": 0.20203374326229095,
      "70": 0.258120059967041,
      "71": 0.21398194134235382,
      "72": 0.14963211119174957,
      "73": 0.1778741180896759,
      "74": 0.13416077196598053,
      "75": 0.2058759182691574,
      "76": 0.10352977365255356,
      "77": 0.15306726098060608,
      "78": 0.17274780571460724,
      "79": 0.10640090703964233,
      "80": 0.27510687708854675,
      "81": 0.15587906539440155,
      "82": 0.2123633623123169,
      "83": 0.23443876206874847,
      "84": 0.18260110914707184,
      "85": 0.22311972081661224,
      "86": 0.22054186463356018,
      "87": 0.2046523094177246,
      "88": 0.17030423879623413,
      "89": 0.14377984404563904,
      "90": 0.2593715190887451,
      "91": 0.17432783544063568,
      "92": 0.23484042286872864,
      "93": 0.15087895095348358,
      "94": 0.2129402756690979,
      "95": 0.23969219624996185,
      "96": 0.23728930950164795,
      "97": 0.1857253760099411,
      "98": 0.2951138913631439,
      "99": 0.270135760307312
    }
  },
  "transformer": {
    "accuracy": 0.0,
    "loss": 0.5185389518737793,
    "top10": [
      92,
      32,
      18,
      82,
      66,
      80,
      87,
      95,
      98,
      64
    ],
    "scores": {
      "0": 0.18496136367321014,
      "1": 0.1109200045466423,
      "2": 0.28014084696769714,
      "3": 0.10236532986164093,
      "4": 0.21562515199184418,
      "5": 0.15799550712108612,
      "6": 0.13755011558532715,
      "7": 0.10744877904653549,
      "8": 0.1993645280599594,
      "9": 0.15424993634223938,
      "10": 0.15591511130332947,
      "11": 0.04599880054593086,
      "12": 0.11973544210195541,
      "13": 0.2111959159374237,
      "14": 0.25229814648628235,
      "15": 0.21548514068126678,
      "16": 0.02530677057802677,
      "17": 0.18659907579421997,
      "18": 0.33839136362075806,
      "19": 0.07237028330564499,
      "20": 0.21753685176372528,
      "21": 0.2874230444431305,
      "22": 0.0918239951133728,
      "23": 0.1579093486070633,
      "24": 0.27672335505485535,
      "25": 0.23155130445957184,
      "26": 0.12358127534389496,
      "27": 0.27710655331611633,
      "28": 0.08797427266836166,
      "29": 0.22878408432006836,
      "30": 0.11866877973079681,
      "31": 0.16994793713092804,
      "32": 0.3334350883960724,
      "33": 0.1803095042705536,
      "34": 0.28899604082107544,
      "35": 0.17196522653102875,
      "36": 0.158680260181427,
      "37": 0.20976953208446503,
      "38": 0.17458344995975494,
      "39": 0.14088121056556702,
      "40": 0.12534146010875702,
      "41": 0.14982563257217407,
      "42": 0.1974187195301056,
      "43": 0.290958046913147,
      "44": 0.1596650332212448,
      "45": 0.2959536910057068,
      "46": 0.1124030128121376,
      "47": 0.11872061342000961,
      "48": 0.11398027837276459,
      "49": 0.10224658995866776,
      "50": 0.08522597700357437,
      "51": 0.15893948078155518,
      "52": 0.1817266345024109,
      "53": 0.0986197367310524,
      "54": 0.03928927704691887,
      "55": 0.22132664918899536,
      "56": 0.11032453179359436,
      "57": 0.11363919824361801,
      "58": 0.09581655263900757,
      "59": 0.14966586232185364,
      "60": 0.18747219443321228,
      "61": 0.08712328225374222,
      "62": 0.21902412176132202,
      "63": 0.21872413158416748,
      "64": 0.4658796787261963,
      "65": 0.18465067446231842,
      "66": 0.35021719336509705,
      "67": 0.11095273494720459,
      "68": 0.31009727716445923,
      "69": 0.30363208055496216,
      "70": 0.26818713545799255,
      "71": 0.26016637682914734,
      "72": 0.11152509599924088,
      "73": 0.06067696586251259,
      "74": 0.1972246915102005,
      "75": 0.07409317046403885,
      "76": 0.034748323261737823,
      "77": 0.04369139298796654,
      "78": 0.09987149387598038,
      "79": 0.05898718535900116,
      "80": 0.3799763023853302,
      "81": 0.09130525588989258,
      "82": 0.34882107377052307,
      "83": 0.20329150557518005,
      "84": 0.2258298695087433,
      "85": 0.08249344676733017,
      "86": 0.32926613092422485,
      "87": 0.4160822033882141,
      "88": 0.22669309377670288,
      "89": 0.2347150295972824,
      "90": 0.08797551691532135,
      "91": 0.11788205057382584,
      "92": 0.3310825526714325,
      "93": 0.0658826008439064,
      "94": 0.17067039012908936,
      "95": 0.42346566915512085,
      "96": 0.14394962787628174,
      "97": 0.16144107282161713,
      "98": 0.43449756503105164,
      "99": 0.2994956076145172
    }
  },
  "bnn": {
    "mean_scores": {
      "0": 0.3229059875011444,
      "1": 0.13807888329029083,
      "2": 0.2759486436843872,
      "3": 0.19995182752609253,
      "4": 0.22182416915893555,
      "5": 0.23899643123149872,
      "6": 0.2508155405521393,
      "7": 0.3567553758621216,
      "8": 0.25528407096862793,
      "9": 0.1920289397239685,
      "10": 0.15864229202270508,
      "11": 0.17353008687496185,
      "12": 0.24635456502437592,
      "13": 0.2973938584327698,
      "14": 0.3066851794719696,
      "15": 0.3774518668651581,
      "16": 0.1766158938407898,
      "17": 0.19387286901474,
      "18": 0.401889443397522,
      "19": 0.13306394219398499,
      "20": 0.23859499394893646,
      "21": 0.2847067713737488,
      "22": 0.22653581202030182,
      "23": 0.30795103311538696,
      "24": 0.2623048722743988,
      "25": 0.19610543549060822,
      "26": 0.215023934841156,
      "27": 0.2875976264476776,
      "28": 0.16226767003536224,