{
  "turno": "primera",
  "n_draws": 225,
  "timestamp": "2026-06-13T00:47:48.312675",
  "lstm": {
    "accuracy": 0.0,
    "loss": 0.4858570992946625,
    "top10": [
      27,
      8,
      33,
      56,
      64,
      96,
      84,
      45,
      68,
      77
    ],
    "scores": {
      "0": 0.1555349975824356,
      "1": 0.15702608227729797,
      "2": 0.21491318941116333,
      "3": 0.198074609041214,
      "4": 0.1592121571302414,
      "5": 0.19610105454921722,
      "6": 0.13285063207149506,
      "7": 0.13030412793159485,
      "8": 0.25066566467285156,
      "9": 0.22262413799762726,
      "10": 0.11922196298837662,
      "11": 0.15527263283729553,
      "12": 0.11244641244411469,
      "13": 0.09078561514616013,
      "14": 0.1601005345582962,
      "15": 0.2234824299812317,
      "16": 0.2420172244310379,
      "17": 0.14604248106479645,
      "18": 0.22781550884246826,
      "19": 0.225921630859375,
      "20": 0.15685178339481354,
      "21": 0.21101006865501404,
      "22": 0.24654732644557953,
      "23": 0.19554729759693146,
      "24": 0.19700460135936737,
      "25": 0.17544133961200714,
      "26": 0.14007224142551422,
      "27": 0.24707402288913727,
      "28": 0.1810036599636078,
      "29": 0.22986038029193878,
      "30": 0.20667202770709991,
      "31": 0.16148924827575684,
      "32": 0.23314747214317322,
      "33": 0.25312572717666626,
      "34": 0.16865044832229614,
      "35": 0.22232870757579803,
      "36": 0.19824956357479095,
      "37": 0.23300209641456604,
      "38": 0.2282969355583191,
      "39": 0.16552457213401794,
      "40": 0.19602730870246887,
      "41": 0.19900666177272797,
      "42": 0.09633331745862961,
      "43": 0.15116657316684723,
      "44": 0.2196798026561737,
      "45": 0.2701648473739624,
      "46": 0.20656649768352509,
      "47": 0.15081891417503357,
      "48": 0.22920766472816467,
      "49": 0.2295917272567749,
      "50": 0.24363529682159424,
      "51": 0.15410937368869781,
      "52": 0.2042185366153717,
      "53": 0.08398118615150452,
      "54": 0.15714026987552643,
      "55": 0.1669374704360962,
      "56": 0.2532042860984802,
      "57": 0.23729966580867767,
      "58": 0.20884735882282257,
      "59": 0.2284558117389679,
      "60": 0.1729273945093155,
      "61": 0.1522415727376938,
      "62": 0.24468791484832764,
      "63": 0.10252698510885239,
      "64": 0.25533756613731384,
      "65": 0.17179764807224274,
      "66": 0.20052361488342285,
      "67": 0.1495371013879776,
      "68": 0.2849310636520386,
      "69": 0.2345588058233261,
      "70": 0.15621577203273773,
      "71": 0.22122128307819366,
      "72": 0.19612547755241394,
      "73": 0.1928313821554184,
      "74": 0.23247474431991577,
      "75": 0.18354524672031403,
      "76": 0.15541012585163116,
      "77": 0.29760587215423584,
      "78": 0.11608762294054031,
      "79": 0.2170649766921997,
      "80": 0.2091328203678131,
      "81": 0.19826582074165344,
      "82": 0.172930508852005,
      "83": 0.15835799276828766,
      "84": 0.2633640468120575,
      "85": 0.1423550397157669,
      "86": 0.17626547813415527,
      "87": 0.19127093255519867,
      "88": 0.23765061795711517,
      "89": 0.14873439073562622,
      "90": 0.16176320612430573,
      "91": 0.18780426681041718,
      "92": 0.16731853783130646,
      "93": 0.2126455456018448,
      "94": 0.16197527945041656,
      "95": 0.23339340090751648,
      "96": 0.25603145360946655,
      "97": 0.15543244779109955,
      "98": 0.11979402601718903,
      "99": 0.15523435175418854
    }
  },
  "transformer": {
    "accuracy": 0.023255813866853714,
    "loss": 0.5198450088500977,
    "top10": [
      18,
      6,
      13,
      53,
      83,
      43,
      93,
      73,
      33,
      3
    ],
    "scores": {
      "0": 0.05212603136897087,
      "1": 0.08478735387325287,
      "2": 0.09394243359565735,
      "3": 0.4241913855075836,
      "4": 0.07688967138528824,
      "5": 0.06158781796693802,
      "6": 0.22430072724819183,
      "7": 0.06933959573507309,
      "8": 0.11555717885494232,
      "9": 0.12606683373451233,
      "10": 0.12771955132484436,
      "11": 0.03946884721517563,
      "12": 0.12582813203334808,
      "13": 0.2748792767524719,
      "14": 0.06741068512201309,
      "15": 0.11537310481071472,
      "16": 0.08656855672597885,
      "17": 0.043419815599918365,
      "18": 0.21692506968975067,
      "19": 0.16680559515953064,
      "20": 0.04786444455385208,
      "21": 0.05584482103586197,
      "22": 0.1421554982662201,
      "23": 0.2157043218612671,
      "24": 0.10203888267278671,
      "25": 0.19459713995456696,
      "26": 0.033752333372831345,
      "27": 0.15141822397708893,
      "28": 0.05311118811368942,
      "29": 0.06883788853883743,
      "30": 0.12213079631328583,
      "31": 0.024330398067831993,
      "32": 0.0981738418340683,
      "33": 0.41314515471458435,
      "34": 0.0897035077214241,
      "35": 0.11663486063480377,
      "36": 0.0627332404255867,
      "37": 0.13243912160396576,
      "38": 0.1783205270767212,
      "39": 0.16742049157619476,
      "40": 0.15496066212654114,
      "41": 0.1233651414513588,
      "42": 0.05396929010748863,
      "43": 0.3234553039073944,
      "44": 0.12411317229270935,
      "45": 0.1819228231906891,
      "46": 0.07139457762241364,
      "47": 0.0901062935590744,
      "48": 0.10070978850126266,
      "49": 0.032338958233594894,
      "50": 0.06610162556171417,
      "51": 0.05925649777054787,
      "52": 0.11539121717214584,
      "53": 0.30634790658950806,
      "54": 0.09107005596160889,
      "55": 0.09589959681034088,
      "56": 0.10717424005270004,
      "57": 0.08812058717012405,
      "58": 0.12025335431098938,
      "59": 0.06640369445085526,
      "60": 0.037096284329891205,
      "61": 0.10089531540870667,
      "62": 0.08947988599538803,
      "63": 0.20998471975326538,
      "64": 0.11788704991340637,
      "65": 0.07128820568323135,
      "66": 0.07384800910949707,
      "67": 0.05520368739962578,
      "68": 0.10943645238876343,
      "69": 0.07507994771003723,
      "70": 0.07800701260566711,
      "71": 0.13060465455055237,
      "72": 0.07937638461589813,
      "73": 0.4115452170372009,
      "74": 0.08499593287706375,
      "75": 0.17016421258449554,
      "76": 0.10243764519691467,
      "77": 0.21063949167728424,
      "78": 0.0813199132680893,
      "79": 0.11176324635744095,
      "80": 0.11911812424659729,
      "81": 0.09829375892877579,
      "82": 0.14090032875537872,
      "83": 0.3089096248149872,
      "84": 0.13952690362930298,
      "85": 0.0717533528804779,
      "86": 0.08540351688861847,
      "87": 0.14841806888580322,
      "88": 0.10175350308418274,
      "89": 0.04469829797744751,
      "90": 0.16818059980869293,
      "91": 0.07278387248516083,
      "92": 0.04635044187307358,
      "93": 0.3372173011302948,
      "94": 0.1774349808692932,
      "95": 0.040403325110673904,
      "96": 0.10129387676715851,
      "97": 0.12640520930290222,
      "98": 0.01715661957859993,
      "99": 0.029087139293551445
    }
  },
  "bnn": {
    "mean_scores": {
      "0": 0.22081799805164337,
      "1": 0.2340317666530609,
      "2": 0.2615383267402649,
      "3": 0.23041501641273499,
      "4": 0.27700865268707275,
      "5": 0.2196585237979889,
      "6": 0.27728143334388733,
      "7": 0.20027363300323486,
      "8": 0.24536563456058502,
      "9": 0.3066777288913727,
      "10": 0.24795444309711456,
      "11": 0.16955125331878662,
      "12": 0.2724034786224365,
      "13": 0.2327367067337036,
      "14": 0.2758491039276123,
      "15": 0.3280125558376312,
      "16": 0.283120721578598,
      "17": 0.24059495329856873,
      "18": 0.25739309191703796,
      "19": 0.27281641960144043,
      "20": 0.2048732340335846,
      "21": 0.25700873136520386,
      "22": 0.31583353877067566,
      "23": 0.2877197265625,
      "24": 0.23055607080459595,
      "25": 0.2531302571296692,
      "26": 0.2245844304561615,
      "27": 0.29347431659698486,