{
  "turno": "previa",
  "n_draws": 225,
  "timestamp": "2026-06-13T00:47:36.234577",
  "lstm": {
    "accuracy": 0.0,
    "loss": 0.48158302903175354,
    "top10": [
      66,
      25,
      21,
      19,
      15,
      2,
      47,
      42,
      61,
      72
    ],
    "scores": {
      "0": 0.15786759555339813,
      "1": 0.19464382529258728,
      "2": 0.2739112079143524,
      "3": 0.21839849650859833,
      "4": 0.10471687465906143,
      "5": 0.13760536909103394,
      "6": 0.19435356557369232,
      "7": 0.12368307262659073,
      "8": 0.1679847687482834,
      "9": 0.13929514586925507,
      "10": 0.18671441078186035,
      "11": 0.23849579691886902,
      "12": 0.17392782866954803,
      "13": 0.17798180878162384,
      "14": 0.2120189219713211,
      "15": 0.26966387033462524,
      "16": 0.23414595425128937,
      "17": 0.1946021467447281,
      "18": 0.16966232657432556,
      "19": 0.26652494072914124,
      "20": 0.22252067923545837,
      "21": 0.26578330993652344,
      "22": 0.19896575808525085,
      "23": 0.25609415769577026,
      "24": 0.14271454513072968,
      "25": 0.26308146119117737,
      "26": 0.17945294082164764,
      "27": 0.1870674341917038,
      "28": 0.16564293205738068,
      "29": 0.09212660044431686,
      "30": 0.2502889335155487,
      "31": 0.0758834034204483,
      "32": 0.19548936188220978,
      "33": 0.09565632790327072,
      "34": 0.1701793223619461,
      "35": 0.1966221034526825,
      "36": 0.22843116521835327,
      "37": 0.21429166197776794,
      "38": 0.21137435734272003,
      "39": 0.13149482011795044,
      "40": 0.2456577718257904,
      "41": 0.11403815448284149,
      "42": 0.29241108894348145,
      "43": 0.18891802430152893,
      "44": 0.10494291037321091,
      "45": 0.21331886947155,
      "46": 0.15585088729858398,
      "47": 0.28376278281211853,
      "48": 0.2104087769985199,
      "49": 0.2208099067211151,
      "50": 0.09960656613111496,
      "51": 0.1089780330657959,
      "52": 0.2007794976234436,
      "53": 0.16594158113002777,
      "54": 0.24710333347320557,
      "55": 0.20870041847229004,
      "56": 0.13063569366931915,
      "57": 0.1931447684764862,
      "58": 0.14184701442718506,
      "59": 0.1842058300971985,
      "60": 0.23596496880054474,
      "61": 0.29537785053253174,
      "62": 0.23781366646289825,
      "63": 0.14299510419368744,
      "64": 0.23706452548503876,
      "65": 0.13543200492858887,
      "66": 0.25891953706741333,
      "67": 0.12678760290145874,
      "68": 0.09721938520669937,
      "69": 0.21175162494182587,
      "70": 0.18956968188285828,
      "71": 0.16261573135852814,
      "72": 0.3273169994354248,
      "73": 0.1807141751050949,
      "74": 0.11137270927429199,
      "75": 0.16503313183784485,
      "76": 0.1227521076798439,
      "77": 0.19678619503974915,
      "78": 0.16987501084804535,
      "79": 0.17860829830169678,
      "80": 0.25822052359580994,
      "81": 0.19746963679790497,
      "82": 0.20346485078334808,
      "83": 0.12509600818157196,
      "84": 0.19025930762290955,
      "85": 0.16874101758003235,
      "86": 0.1997707188129425,
      "87": 0.15987147390842438,
      "88": 0.21854329109191895,
      "89": 0.16367068886756897,
      "90": 0.18489961326122284,
      "91": 0.1469622701406479,
      "92": 0.24082233011722565,
      "93": 0.10631630569696426,
      "94": 0.1404496431350708,
      "95": 0.18069803714752197,
      "96": 0.13566139340400696,
      "97": 0.23195192217826843,
      "98": 0.20540164411067963,
      "99": 0.16046898066997528
    }
  },
  "transformer": {
    "accuracy": 0.0,
    "loss": 0.5012227296829224,
    "top10": [
      58,
      2,
      21,
      25,
      30,
      92,
      11,
      82,
      15,
      90
    ],
    "scores": {
      "0": 0.10105330497026443,
      "1": 0.2455868124961853,
      "2": 0.26034149527549744,
      "3": 0.0686783492565155,
      "4": 0.2120688408613205,
      "5": 0.1220555230975151,
      "6": 0.22194571793079376,
      "7": 0.1691240519285202,
      "8": 0.22323858737945557,
      "9": 0.14052283763885498,
      "10": 0.19836728274822235,
      "11": 0.275848925113678,
      "12": 0.04303902015089989,
      "13": 0.14610004425048828,
      "14": 0.1357165277004242,
      "15": 0.3361063599586487,
      "16": 0.15036901831626892,
      "17": 0.21004049479961395,
      "18": 0.1339576244354248,
      "19": 0.2384292334318161,
      "20": 0.1461249589920044,
      "21": 0.26186603307724,
      "22": 0.13867531716823578,
      "23": 0.20201300084590912,
      "24": 0.19616174697875977,
      "25": 0.26292192935943604,
      "26": 0.08710286021232605,
      "27": 0.16371402144432068,
      "28": 0.11860651522874832,
      "29": 0.15823447704315186,
      "30": 0.2670063078403473,
      "31": 0.09982027113437653,
      "32": 0.14017318189144135,
      "33": 0.08507821708917618,
      "34": 0.2118808627128601,
      "35": 0.16958500444889069,
      "36": 0.21115641295909882,
      "37": 0.15140847861766815,
      "38": 0.07522034645080566,
      "39": 0.17512188851833344,
      "40": 0.15774115920066833,
      "41": 0.0870928019285202,
      "42": 0.24198713898658752,
      "43": 0.18804675340652466,
      "44": 0.0735965296626091,
      "45": 0.09799262881278992,
      "46": 0.11426210403442383,
      "47": 0.16869238018989563,
      "48": 0.10329395532608032,
      "49": 0.23062899708747864,
      "50": 0.1306808441877365,
      "51": 0.08690439909696579,
      "52": 0.18141056597232819,
      "53": 0.06161869689822197,
      "54": 0.23102645576000214,
      "55": 0.16972748935222626,
      "56": 0.13519501686096191,
      "57": 0.16906388103961945,
      "58": 0.25033316016197205,
      "59": 0.12590377032756805,
      "60": 0.22082935273647308,
      "61": 0.23173652589321136,
      "62": 0.06613189727067947,
      "63": 0.0921386182308197,
      "64": 0.22237639129161835,
      "65": 0.15762291848659515,
      "66": 0.11749890446662903,
      "67": 0.1304503232240677,
      "68": 0.08155453205108643,
      "69": 0.20426563918590546,
      "70": 0.22632500529289246,
      "71": 0.21218472719192505,
      "72": 0.20457661151885986,
      "73": 0.11705031991004944,
      "74": 0.07968760281801224,
      "75": 0.18991951644420624,
      "76": 0.14788226783275604,
      "77": 0.16868379712104797,
      "78": 0.16629233956336975,
      "79": 0.19500558078289032,
      "80": 0.21302443742752075,
      "81": 0.1916375309228897,
      "82": 0.29648834466934204,
      "83": 0.11198215931653976,
      "84": 0.249108225107193,
      "85": 0.10405904799699783,
      "86": 0.23278294503688812,
      "87": 0.1582959145307541,
      "88": 0.2035290002822876,
      "89": 0.18693754076957703,
      "90": 0.3439377546310425,
      "91": 0.11692867428064346,
      "92": 0.2750703692436218,
      "93": 0.05892135202884674,
      "94": 0.24487265944480896,
      "95": 0.24160107970237732,
      "96": 0.1037595272064209,
      "97": 0.2320789098739624,
      "98": 0.14925900101661682,
      "99": 0.10599307715892792
    }
  },
  "bnn": {
    "mean_scores": {
      "0": 0.28200483322143555,
      "1": 0.2907884418964386,
      "2": 0.28765541315078735,
      "3": 0.3437264561653137,
      "4": 0.18319237232208252,
      "5": 0.23946641385555267,
      "6": 0.28390276432037354,
      "7": 0.28420186042785645,
      "8": 0.3049118220806122,
      "9": 0.30143141746520996,
      "10": 0.25002217292785645,
      "11": 0.3026755452156067,
      "12": 0.28833073377609253,
      "13": 0.304673969745636,
      "14": 0.2625587582588196,
      "15": 0.2776015102863312,
      "16": 0.3243485987186432,
      "17": 0.30855387449264526,
      "18": 0.26187267899513245,
      "19": 0.3235807716846466,
      "20": 0.33776769042015076,
      "21": 0.3073355257511139,
      "22": 0.27878129482269287,
      "23": 0.37414637207984924,
      "24": 0.28262150287628174,
      "25": 0.3574897348880768,
      "26": 0.23677150905132294,
      "27": 0.28719818592071533,