{
  "turno": "primera",
  "n_draws": 155,
  "timestamp": "2026-06-20T02:36:07.681021",
  "lstm": {
    "accuracy": 0.0,
    "loss": 0.4778212904930115,
    "top10": [
      77,
      50,
      23,
      43,
      3,
      83,
      58,
      73,
      93,
      33
    ],
    "scores": {
      "0": 0.1293897181749344,
      "1": 0.1352948397397995,
      "2": 0.17400018870830536,
      "3": 0.26197549700737,
      "4": 0.14053061604499817,
      "5": 0.17683902382850647,
      "6": 0.1383395493030548,
      "7": 0.13743644952774048,
      "8": 0.183025524020195,
      "9": 0.2164682149887085,
      "10": 0.15525494515895844,
      "11": 0.20185096561908722,
      "12": 0.1407860815525055,
      "13": 0.2307628095149994,
      "14": 0.1663954257965088,
      "15": 0.2044566422700882,
      "16": 0.22037409245967865,
      "17": 0.17549675703048706,
      "18": 0.2153845876455307,
      "19": 0.2018083930015564,
      "20": 0.14138688147068024,
      "21": 0.19304180145263672,
      "22": 0.21284404397010803,
      "23": 0.24732539057731628,
      "24": 0.18199820816516876,
      "25": 0.2066173255443573,
      "26": 0.1720191091299057,
      "27": 0.18243372440338135,
      "28": 0.17458444833755493,
      "29": 0.1885337382555008,
      "30": 0.16015812754631042,
      "31": 0.16058437526226044,
      "32": 0.19262103736400604,
      "33": 0.31951072812080383,
      "34": 0.1782318353652954,
      "35": 0.19059884548187256,
      "36": 0.1723242700099945,
      "37": 0.23058107495307922,
      "38": 0.19504065811634064,
      "39": 0.14480365812778473,
      "40": 0.17649298906326294,
      "41": 0.18843509256839752,
      "42": 0.10878320783376694,
      "43": 0.2583615779876709,
      "44": 0.22793389856815338,
      "45": 0.214151069521904,
      "46": 0.17325422167778015,
      "47": 0.13612012565135956,
      "48": 0.2136274129152298,
      "49": 0.21376214921474457,
      "50": 0.2432451993227005,
      "51": 0.1816568225622177,
      "52": 0.1682809293270111,
      "53": 0.20735123753547668,
      "54": 0.18419954180717468,
      "55": 0.14227837324142456,
      "56": 0.22198893129825592,
      "57": 0.2077895700931549,
      "58": 0.2649422883987427,
      "59": 0.15473315119743347,
      "60": 0.1491899937391281,
      "61": 0.15384158492088318,
      "62": 0.1809215545654297,
      "63": 0.1610795259475708,
      "64": 0.1998138278722763,
      "65": 0.1750846654176712,
      "66": 0.16997279226779938,
      "67": 0.20186962187290192,
      "68": 0.20307379961013794,
      "69": 0.20799219608306885,
      "70": 0.17405828833580017,
      "71": 0.16577142477035522,
      "72": 0.20603370666503906,
      "73": 0.28725892305374146,
      "74": 0.2183964103460312,
      "75": 0.16231383383274078,
      "76": 0.13913032412528992,
      "77": 0.23639360070228577,
      "78": 0.10234763473272324,
      "79": 0.15543228387832642,
      "80": 0.20010507106781006,
      "81": 0.15603229403495789,
      "82": 0.1852758377790451,
      "83": 0.26213088631629944,
      "84": 0.19499945640563965,
      "85": 0.17764948308467865,
      "86": 0.18435081839561462,
      "87": 0.19861160218715668,
      "88": 0.21307428181171417,
      "89": 0.11277987062931061,
      "90": 0.1732283979654312,
      "91": 0.15638376772403717,
      "92": 0.16749423742294312,
      "93": 0.2914506196975708,
      "94": 0.13548648357391357,
      "95": 0.1893991380929947,
      "96": 0.2208818793296814,
      "97": 0.17194797098636627,
      "98": 0.12041130661964417,
      "99": 0.11009247601032257
    }
  },
  "transformer": {
    "accuracy": 0.0,
    "loss": 0.4950748383998871,
    "top10": [
      53,
      9,
      45,
      83,
      68,
      37,
      73,
      22,
      80,
      33
    ],
    "scores": {
      "0": 0.09673325717449188,
      "1": 0.10380962491035461,
      "2": 0.1608278453350067,
      "3": 0.195301815867424,
      "4": 0.10629859566688538,
      "5": 0.16777877509593964,
      "6": 0.1306886076927185,
      "7": 0.08961822837591171,
      "8": 0.11228889226913452,
      "9": 0.21857433021068573,
      "10": 0.12153837829828262,
      "11": 0.19775183498859406,
      "12": 0.14372020959854126,
      "13": 0.1962285041809082,
      "14": 0.11151989549398422,
      "15": 0.20368541777133942,
      "16": 0.13767169415950775,
      "17": 0.13487760722637177,
      "18": 0.19440831243991852,
      "19": 0.15755128860473633,
      "20": 0.1534048318862915,
      "21": 0.1106983870267868,
      "22": 0.25108805298805237,
      "23": 0.15234772861003876,
      "24": 0.17965182662010193,
      "25": 0.15881560742855072,
      "26": 0.13449981808662415,
      "27": 0.14992821216583252,
      "28": 0.12369255721569061,
      "29": 0.19176073372364044,
      "30": 0.11045531183481216,
      "31": 0.11862456053495407,
      "32": 0.18430714309215546,
      "33": 0.3475768566131592,
      "34": 0.17646317183971405,
      "35": 0.1765144020318985,
      "36": 0.18201546370983124,
      "37": 0.23662027716636658,
      "38": 0.16596752405166626,
      "39": 0.11598954349756241,
      "40": 0.15012116730213165,
      "41": 0.15379320085048676,
      "42": 0.07249744981527328,
      "43": 0.20522013306617737,
      "44": 0.16452835500240326,
      "45": 0.22547951340675354,
      "46": 0.1283784806728363,
      "47": 0.16321653127670288,
      "48": 0.20381221175193787,
      "49": 0.20343999564647675,
      "50": 0.1718369573354721,
      "51": 0.18368278443813324,
      "52": 0.1128176748752594,
      "53": 0.2126053124666214,
      "54": 0.11318867653608322,
      "55": 0.12847378849983215,
      "56": 0.1758662909269333,
      "57": 0.15600858628749847,
      "58": 0.186974436044693,
      "59": 0.14911459386348724,
      "60": 0.07592705637216568,
      "61": 0.16616186499595642,
      "62": 0.1352834701538086,
      "63": 0.09460525214672089,
      "64": 0.19654813408851624,
      "65": 0.2024034708738327,
      "66": 0.13513809442520142,
      "67": 0.15617503225803375,
      "68": 0.23147793114185333,
      "69": 0.1593785285949707,
      "70": 0.1192028596997261,
      "71": 0.11834873259067535,
      "72": 0.16312281787395477,
      "73": 0.2463654726743698,
      "74": 0.1658198982477188,
      "75": 0.1355140507221222,
      "76": 0.10326115787029266,
      "77": 0.19259034097194672,
      "78": 0.05916079878807068,
      "79": 0.1331523358821869,
      "80": 0.3081120252609253,
      "81": 0.13619129359722137,
      "82": 0.1500988006591797,
      "83": 0.22768111526966095,
      "84": 0.20509815216064453,
      "85": 0.11397591233253479,
      "86": 0.1266646683216095,
      "87": 0.15757009387016296,
      "88": 0.13207396864891052,
      "89": 0.12456727027893066,
      "90": 0.16404303908348083,
      "91": 0.14740367233753204,
      "92": 0.11368443071842194,
      "93": 0.1950823813676834,
      "94": 0.16140073537826538,
      "95": 0.13095992803573608,
      "96": 0.1963060051202774,
      "97": 0.09342625737190247,
      "98": 0.11525748670101166,
      "99": 0.0736067071557045
    }
  },
  "bnn": {
    "mean_scores": {
      "0": 0.14865486323833466,
      "1": 0.14798878133296967,
      "2": 0.21733807027339935,
      "3": 0.3500904142856598,
      "4": 0.17305734753608704,
      "5": 0.19132032990455627,
      "6": 0.16244268417358398,
      "7": 0.12236035615205765,
      "8": 0.17100253701210022,
      "9": 0.23830552399158478,
      "10": 0.1440095156431198,
      "11": 0.17659978568553925,
      "12": 0.14668874442577362,
      "13": 0.26552748680114746,
      "14": 0.1492854207754135,
      "15": 0.19426952302455902,
      "16": 0.1872427612543106,
      "17": 0.1595236361026764,
      "18": 0.21419696509838104,
      "19": 0.2731766998767853,
      "20": 0.18228095769882202,
      "21": 0.19387298822402954,
      "22": 0.266814261674881,
      "23": 0.28166067600250244,
      "24": 0.19677573442459106,
      "25": 0.17150361835956573,
      "26": 0.19557681679725647,
      "27": 0.21622836589813232,
      "28": 0.1744983047246933,