{
  "turno": "nocturna",
  "n_draws": 155,
  "timestamp": "2026-06-20T02:36:41.300262",
  "lstm": {
    "accuracy": 0.0,
    "loss": 0.47953417897224426,
    "top10": [
      89,
      19,
      39,
      51,
      70,
      81,
      76,
      16,
      48,
      33
    ],
    "scores": {
      "0": 0.17737261950969696,
      "1": 0.17346884310245514,
      "2": 0.17474423348903656,
      "3": 0.22938062250614166,
      "4": 0.15524768829345703,
      "5": 0.16121028363704681,
      "6": 0.13892008364200592,
      "7": 0.1921846717596054,
      "8": 0.18822038173675537,
      "9": 0.1675489842891693,
      "10": 0.1902000457048416,
      "11": 0.16482876241207123,
      "12": 0.16591760516166687,
      "13": 0.21324793994426727,
      "14": 0.1749846190214157,
      "15": 0.19927597045898438,
      "16": 0.273983359336853,
      "17": 0.1365746110677719,
      "18": 0.1457042545080185,
      "19": 0.23097774386405945,
      "20": 0.16154100000858307,
      "21": 0.20962879061698914,
      "22": 0.16059169173240662,
      "23": 0.2202921062707901,
      "24": 0.12309183180332184,
      "25": 0.21086734533309937,
      "26": 0.18977944552898407,
      "27": 0.2174498438835144,
      "28": 0.16347020864486694,
      "29": 0.12644320726394653,
      "30": 0.19203311204910278,
      "31": 0.20134609937667847,
      "32": 0.13591814041137695,
      "33": 0.31152862310409546,
      "34": 0.20946341753005981,
      "35": 0.1950317919254303,
      "36": 0.19202366471290588,
      "37": 0.1903674304485321,
      "38": 0.11673203110694885,
      "39": 0.24084292352199554,
      "40": 0.2163061797618866,
      "41": 0.2107960730791092,
      "42": 0.19321788847446442,
      "43": 0.18694370985031128,
      "44": 0.1371292620897293,
      "45": 0.20190417766571045,
      "46": 0.19395701587200165,
      "47": 0.20593449473381042,
      "48": 0.31119775772094727,
      "49": 0.2201870083808899,
      "50": 0.18671761453151703,
      "51": 0.2448207437992096,
      "52": 0.1803099662065506,
      "53": 0.22870036959648132,
      "54": 0.16270633041858673,
      "55": 0.2210032343864441,
      "56": 0.1714712530374527,
      "57": 0.15542149543762207,
      "58": 0.12445349991321564,
      "59": 0.18687425553798676,
      "60": 0.19237597286701202,
      "61": 0.21070876717567444,
      "62": 0.21125921607017517,
      "63": 0.22130906581878662,
      "64": 0.19951897859573364,
      "65": 0.1785995364189148,
      "66": 0.08667968213558197,
      "67": 0.11855243891477585,
      "68": 0.176429882645607,
      "69": 0.21475690603256226,
      "70": 0.2450130581855774,
      "71": 0.1675308644771576,
      "72": 0.14471256732940674,
      "73": 0.21243427693843842,
      "74": 0.1996835172176361,
      "75": 0.19419986009597778,
      "76": 0.26820266246795654,
      "77": 0.15843404829502106,
      "78": 0.19217315316200256,
      "79": 0.1376183032989502,
      "80": 0.2026735246181488,
      "81": 0.24680444598197937,
      "82": 0.17877720296382904,
      "83": 0.21011853218078613,
      "84": 0.17405882477760315,
      "85": 0.15347476303577423,
      "86": 0.18227919936180115,
      "87": 0.20125140249729156,
      "88": 0.1951560080051422,
      "89": 0.23044276237487793,
      "90": 0.20992466807365417,
      "91": 0.14978858828544617,
      "92": 0.1800743192434311,
      "93": 0.18373675644397736,
      "94": 0.22421438992023468,
      "95": 0.17823660373687744,
      "96": 0.19216153025627136,
      "97": 0.19320501387119293,
      "98": 0.1937546283006668,
      "99": 0.2276379019021988
    }
  },
  "transformer": {
    "accuracy": 0.03448275849223137,
    "loss": 0.49009934067726135,
    "top10": [
      47,
      55,
      3,
      19,
      43,
      83,
      63,
      13,
      33,
      53
    ],
    "scores": {
      "0": 0.13294361531734467,
      "1": 0.10985944420099258,
      "2": 0.09521592408418655,
      "3": 0.24486961960792542,
      "4": 0.11278335750102997,
      "5": 0.09994091093540192,
      "6": 0.09392985701560974,
      "7": 0.19782504439353943,
      "8": 0.17539142072200775,
      "9": 0.09527257084846497,
      "10": 0.1681826412677765,
      "11": 0.13225889205932617,
      "12": 0.10195566713809967,
      "13": 0.3000829219818115,
      "14": 0.13188408315181732,
      "15": 0.12224532663822174,
      "16": 0.23219415545463562,
      "17": 0.09361815452575684,
      "18": 0.10375285893678665,
      "19": 0.25121212005615234,
      "20": 0.11309396475553513,
      "21": 0.14719153940677643,
      "22": 0.10373148322105408,
      "23": 0.13849015533924103,
      "24": 0.06066485866904259,
      "25": 0.11472739279270172,
      "26": 0.17084766924381256,
      "27": 0.16587907075881958,
      "28": 0.1165047138929367,
      "29": 0.1345335692167282,
      "30": 0.11733490228652954,
      "31": 0.13364166021347046,
      "32": 0.10105129331350327,
      "33": 0.3028195798397064,
      "34": 0.1653924137353897,
      "35": 0.1231045350432396,
      "36": 0.1316179782152176,
      "37": 0.14633886516094208,
      "38": 0.07333086431026459,
      "39": 0.155952587723732,
      "40": 0.10227583348751068,
      "41": 0.14957164227962494,
      "42": 0.09333458542823792,
      "43": 0.25677263736724854,
      "44": 0.16706706583499908,
      "45": 0.07076796144247055,
      "46": 0.1404658406972885,
      "47": 0.24355924129486084,
      "48": 0.1869927942752838,
      "49": 0.19003605842590332,
      "50": 0.15186534821987152,
      "51": 0.23215579986572266,
      "52": 0.10361552983522415,
      "53": 0.305377334356308,
      "54": 0.0797223299741745,
      "55": 0.24360990524291992,
      "56": 0.12467051297426224,
      "57": 0.14444641768932343,
      "58": 0.04172283783555031,
      "59": 0.142160564661026,
      "60": 0.13609382510185242,
      "61": 0.1630663424730301,
      "62": 0.14636240899562836,
      "63": 0.2749099135398865,
      "64": 0.21068982779979706,
      "65": 0.11219536513090134,
      "66": 0.04637911170721054,
      "67": 0.1083846464753151,
      "68": 0.14080168306827545,
      "69": 0.19465114176273346,
      "70": 0.16447816789150238,
      "71": 0.10110011696815491,
      "72": 0.08056933432817459,
      "73": 0.20431336760520935,
      "74": 0.20860183238983154,
      "75": 0.1684352308511734,
      "76": 0.23595279455184937,
      "77": 0.19657936692237854,
      "78": 0.05909126251935959,
      "79": 0.09381664544343948,
      "80": 0.19557084143161774,
      "81": 0.19263510406017303,
      "82": 0.14084689319133759,
      "83": 0.2577410042285919,
      "84": 0.11980413645505905,
      "85": 0.1378190517425537,
      "86": 0.10721151530742645,
      "87": 0.15683616697788239,
      "88": 0.10670047998428345,
      "89": 0.10359159857034683,
      "90": 0.14624585211277008,
      "91": 0.06632459908723831,
      "92": 0.16578133404254913,
      "93": 0.19139064848423004,
      "94": 0.1526407152414322,
      "95": 0.22316841781139374,
      "96": 0.10379035025835037,
      "97": 0.1623162478208542,
      "98": 0.14104188978672028,
      "99": 0.11998378485441208
    }
  },
  "bnn": {
    "mean_scores": {
      "0": 0.16948361694812775,
      "1": 0.21576082706451416,
      "2": 0.2324664294719696,
      "3": 0.27909424901008606,
      "4": 0.13804090023040771,
      "5": 0.1738649606704712,
      "6": 0.15964652597904205,
      "7": 0.2454214245080948,
      "8": 0.20196180045604706,
      "9": 0.16634313762187958,
      "10": 0.21771778166294098,
      "11": 0.18833471834659576,
      "12": 0.20993787050247192,
      "13": 0.25000351667404175,
      "14": 0.18434268236160278,
      "15": 0.26551690697669983,
      "16": 0.27746808528900146,
      "17": 0.15466062724590302,
      "18": 0.1967869997024536,
      "19": 0.26256024837493896,
      "20": 0.1621323972940445,
      "21": 0.2310996800661087,
      "22": 0.23482972383499146,
      "23": 0.23625728487968445,
      "24": 0.16628994047641754,
      "25": 0.22279196977615356,
      "26": 0.2102157026529312,
      "27": 0.21808090806007385,