{
  "turno": "previa",
  "n_draws": 225,
  "timestamp": "2026-06-13T00:38:29.520860",
  "lstm": {
    "accuracy": 0.0,
    "loss": 0.4817882478237152,
    "top10": [
      52,
      40,
      36,
      84,
      19,
      48,
      42,
      72,
      61,
      64
    ],
    "scores": {
      "0": 0.1565992683172226,
      "1": 0.21179281175136566,
      "2": 0.2247435450553894,
      "3": 0.18533281981945038,
      "4": 0.09400584548711777,
      "5": 0.16776064038276672,
      "6": 0.18632622063159943,
      "7": 0.17367614805698395,
      "8": 0.1906552016735077,
      "9": 0.18996918201446533,
      "10": 0.20956198871135712,
      "11": 0.24774760007858276,
      "12": 0.14290782809257507,
      "13": 0.18406999111175537,
      "14": 0.1982378214597702,
      "15": 0.20864379405975342,
      "16": 0.23301459848880768,
      "17": 0.21335124969482422,
      "18": 0.16255877912044525,
      "19": 0.26403751969337463,
      "20": 0.2382563203573227,
      "21": 0.23018305003643036,
      "22": 0.18453657627105713,
      "23": 0.22857749462127686,
      "24": 0.198871910572052,
      "25": 0.23608389496803284,
      "26": 0.1477368324995041,
      "27": 0.1871492862701416,
      "28": 0.1757182478904724,
      "29": 0.1296541839838028,
      "30": 0.2281850129365921,
      "31": 0.08328887075185776,
      "32": 0.2198752760887146,
      "33": 0.09655394405126572,
      "34": 0.21157367527484894,
      "35": 0.1791096329689026,
      "36": 0.2541128695011139,
      "37": 0.1955738067626953,
      "38": 0.2199210524559021,
      "39": 0.17889103293418884,
      "40": 0.2503540515899658,
      "41": 0.14578203856945038,
      "42": 0.2780188024044037,
      "43": 0.199323371052742,
      "44": 0.12763802707195282,
      "45": 0.21181432902812958,
      "46": 0.19972015917301178,
      "47": 0.2310534119606018,
      "48": 0.2776587903499603,
      "49": 0.22505219280719757,
      "50": 0.10938337445259094,
      "51": 0.09442243725061417,
      "52": 0.24900183081626892,
      "53": 0.15510345995426178,
      "54": 0.22190949320793152,
      "55": 0.20719826221466064,
      "56": 0.16510087251663208,
      "57": 0.19508783519268036,
      "58": 0.17872773110866547,
      "59": 0.14311309158802032,
      "60": 0.23347239196300507,
      "61": 0.3016638159751892,
      "62": 0.19841665029525757,
      "63": 0.12936246395111084,
      "64": 0.305545836687088,
      "65": 0.1757727414369583,
      "66": 0.21945993602275848,
      "67": 0.11399015039205551,
      "68": 0.11100244522094727,
      "69": 0.2020808607339859,
      "70": 0.19903498888015747,
      "71": 0.16324850916862488,
      "72": 0.27851933240890503,
      "73": 0.15789350867271423,
      "74": 0.10808470100164413,
      "75": 0.18656794726848602,
      "76": 0.21939121186733246,
      "77": 0.1781044602394104,
      "78": 0.17934952676296234,
      "79": 0.18358226120471954,
      "80": 0.2210730016231537,
      "81": 0.21088971197605133,
      "82": 0.22116509079933167,
      "83": 0.1345149576663971,
      "84": 0.26368752121925354,
      "85": 0.16244804859161377,
      "86": 0.24445410072803497,
      "87": 0.17484931647777557,
      "88": 0.22428028285503387,
      "89": 0.18539109826087952,
      "90": 0.1939113438129425,
      "91": 0.18169322609901428,
      "92": 0.22109779715538025,
      "93": 0.08951697498559952,
      "94": 0.14509709179401398,
      "95": 0.18531805276870728,
      "96": 0.1282423883676529,
      "97": 0.1922360360622406,
      "98": 0.19400155544281006,
      "99": 0.19779561460018158
    }
  },
  "transformer": {
    "accuracy": 0.0,
    "loss": 0.5107395052909851,
    "top10": [
      95,
      21,
      1,
      43,
      14,
      60,
      35,
      30,
      61,
      47
    ],
    "scores": {
      "0": 0.10438621044158936,
      "1": 0.28433629870414734,
      "2": 0.2046051025390625,
      "3": 0.1370370239019394,
      "4": 0.08238106966018677,
      "5": 0.11927282810211182,
      "6": 0.13534890115261078,
      "7": 0.1696089208126068,
      "8": 0.11610856652259827,
      "9": 0.12337678670883179,
      "10": 0.0942443236708641,
      "11": 0.2347625195980072,
      "12": 0.051014404743909836,
      "13": 0.08405284583568573,
      "14": 0.3024483323097229,
      "15": 0.19099798798561096,
      "16": 0.25986286997795105,
      "17": 0.17852161824703217,
      "18": 0.14071662724018097,
      "19": 0.1805504411458969,
      "20": 0.12599286437034607,
      "21": 0.2832174301147461,
      "22": 0.11925589293241501,
      "23": 0.20969022810459137,
      "24": 0.14832928776741028,
      "25": 0.19534826278686523,
      "26": 0.12862025201320648,
      "27": 0.16029208898544312,
      "28": 0.07978348433971405,
      "29": 0.1356906294822693,
      "30": 0.32580363750457764,
      "31": 0.06405042856931686,
      "32": 0.16630011796951294,
      "33": 0.06835062801837921,
      "34": 0.1318429708480835,
      "35": 0.31807464361190796,
      "36": 0.17910054326057434,
      "37": 0.10626684129238129,
      "38": 0.09034296125173569,
      "39": 0.16801117360591888,
      "40": 0.16641174256801605,
      "41": 0.11549485474824905,
      "42": 0.2056310623884201,
      "43": 0.2876274883747101,
      "44": 0.022504782304167747,
      "45": 0.05622120201587677,
      "46": 0.11164023727178574,
      "47": 0.3963036835193634,
      "48": 0.11064624041318893,
      "49": 0.1574297547340393,
      "50": 0.17924843728542328,
      "51": 0.06888280808925629,
      "52": 0.16543874144554138,
      "53": 0.0662844181060791,
      "54": 0.1884140968322754,
      "55": 0.16260407865047455,
      "56": 0.12139268964529037,
      "57": 0.2529461085796356,
      "58": 0.18725177645683289,
      "59": 0.0437074638903141,
      "60": 0.30994656682014465,
      "61": 0.3459632992744446,
      "62": 0.13569681346416473,
      "63": 0.11513365805149078,
      "64": 0.21821342408657074,
      "65": 0.09484723955392838,
      "66": 0.12975020706653595,
      "67": 0.15988291800022125,
      "68": 0.07715687900781631,
      "69": 0.13750223815441132,
      "70": 0.08106512576341629,
      "71": 0.23580031096935272,
      "72": 0.26304033398628235,
      "73": 0.12083906680345535,
      "74": 0.11375147849321365,
      "75": 0.2675231695175171,
      "76": 0.20560668408870697,
      "77": 0.10716085135936737,
      "78": 0.1425531506538391,
      "79": 0.14375418424606323,
      "80": 0.15047942101955414,
      "81": 0.07464379817247391,
      "82": 0.12423384189605713,
      "83": 0.09271065890789032,
      "84": 0.14165443181991577,
      "85": 0.18359531462192535,
      "86": 0.19555766880512238,
      "87": 0.1583584100008011,
      "88": 0.1261473000049591,
      "89": 0.11125332862138748,
      "90": 0.14661014080047607,
      "91": 0.1051715761423111,
      "92": 0.20599277317523956,
      "93": 0.0823148861527443,
      "94": 0.12310546636581421,
      "95": 0.2781744599342346,
      "96": 0.10885787010192871,
      "97": 0.2303621768951416,
      "98": 0.11585947126150131,
      "99": 0.17370136082172394
    }
  },
  "bnn": {
    "mean_scores": {
      "0": 0.2626820504665375,
      "1": 0.22423496842384338,
      "2": 0.2027696669101715,
      "3": 0.3213871121406555,
      "4": 0.16370850801467896,
      "5": 0.25055018067359924,
      "6": 0.18155574798583984,
      "7": 0.2594132721424103,
      "8": 0.25288712978363037,
      "9": 0.21862667798995972,
      "10": 0.18930596113204956,
      "11": 0.24601344764232635,
      "12": 0.14538085460662842,
      "13": 0.3079341650009155,
      "14": 0.2916569709777832,
      "15": 0.2295902967453003,
      "16": 0.2746635675430298,
      "17": 0.2544856369495392,
      "18": 0.19796434044837952,
      "19": 0.28645750880241394,
      "20": 0.2828423082828522,
      "21": 0.35327789187431335,
      "22": 0.22793136537075043,
      "23": 0.43888595700263977,
      "24": 0.16969306766986847,
      "25": 0.32225731015205383,
      "26": 0.2132788449525833,
      "27": 0.23275434970855713,