{
  "turno": "matutina",
  "n_draws": 228,
  "timestamp": "2026-06-13T00:38:54.689295",
  "lstm": {
    "accuracy": 0.0,
    "loss": 0.4780382812023163,
    "top10": [
      24,
      7,
      34,
      37,
      21,
      70,
      65,
      28,
      1,
      52
    ],
    "scores": {
      "0": 0.127971351146698,
      "1": 0.30237218737602234,
      "2": 0.19643396139144897,
      "3": 0.22930917143821716,
      "4": 0.19079697132110596,
      "5": 0.1717863529920578,
      "6": 0.2105514407157898,
      "7": 0.25064438581466675,
      "8": 0.21678736805915833,
      "9": 0.1502322554588318,
      "10": 0.1396568864583969,
      "11": 0.24106162786483765,
      "12": 0.2266467809677124,
      "13": 0.21813936531543732,
      "14": 0.2201012372970581,
      "15": 0.18616676330566406,
      "16": 0.16548985242843628,
      "17": 0.13421180844306946,
      "18": 0.16623139381408691,
      "19": 0.1929829865694046,
      "20": 0.1657484918832779,
      "21": 0.25989803671836853,
      "22": 0.1623736023902893,
      "23": 0.1719406396150589,
      "24": 0.2481052577495575,
      "25": 0.12546202540397644,
      "26": 0.16596189141273499,
      "27": 0.22113168239593506,
      "28": 0.29310667514801025,
      "29": 0.13029266893863678,
      "30": 0.19251371920108795,
      "31": 0.19551345705986023,
      "32": 0.2072554975748062,
      "33": 0.15743513405323029,
      "34": 0.25072208046913147,
      "35": 0.1869232952594757,
      "36": 0.1931176781654358,
      "37": 0.2598951756954193,
      "38": 0.19337107241153717,
      "39": 0.18859177827835083,
      "40": 0.1495177000761032,
      "41": 0.18865762650966644,
      "42": 0.11056619882583618,
      "43": 0.20251521468162537,
      "44": 0.1674681007862091,
      "45": 0.24058471620082855,
      "46": 0.1691123992204666,
      "47": 0.23613938689231873,
      "48": 0.2442200928926468,
      "49": 0.22528736293315887,
      "50": 0.19025687873363495,
      "51": 0.23050770163536072,
      "52": 0.30847957730293274,
      "53": 0.1807814985513687,
      "54": 0.18181852996349335,
      "55": 0.18464021384716034,
      "56": 0.15544180572032928,
      "57": 0.17889107763767242,
      "58": 0.13285212218761444,
      "59": 0.2207057923078537,
      "60": 0.18438179790973663,
      "61": 0.1990833729505539,
      "62": 0.172901451587677,
      "63": 0.1331058144569397,
      "64": 0.187877357006073,
      "65": 0.28821706771850586,
      "66": 0.16574808955192566,
      "67": 0.15668396651744843,
      "68": 0.13266536593437195,
      "69": 0.22126361727714539,
      "70": 0.27294066548347473,
      "71": 0.134686678647995,
      "72": 0.2135559320449829,
      "73": 0.2147744596004486,
      "74": 0.23377162218093872,
      "75": 0.20832587778568268,
      "76": 0.15674236416816711,
      "77": 0.186548113822937,
      "78": 0.20050081610679626,
      "79": 0.19675953686237335,
      "80": 0.15366260707378387,
      "81": 0.17402108013629913,
      "82": 0.22491098940372467,
      "83": 0.1794763058423996,
      "84": 0.13752377033233643,
      "85": 0.18130096793174744,
      "86": 0.14637553691864014,
      "87": 0.20756855607032776,
      "88": 0.16661158204078674,
      "89": 0.2001071274280548,
      "90": 0.10442016273736954,
      "91": 0.15368740260601044,
      "92": 0.21763820946216583,
      "93": 0.12129399925470352,
      "94": 0.18309366703033447,
      "95": 0.18409398198127747,
      "96": 0.19369782507419586,
      "97": 0.18382039666175842,
      "98": 0.21169574558734894,
      "99": 0.22873525321483612
    }
  },
  "transformer": {
    "accuracy": 0.0,
    "loss": 0.5207013487815857,
    "top10": [
      45,
      24,
      11,
      46,
      65,
      9,
      55,
      14,
      1,
      70
    ],
    "scores": {
      "0": 0.12829594314098358,
      "1": 0.3386571705341339,
      "2": 0.19254393875598907,
      "3": 0.1022215485572815,
      "4": 0.16362573206424713,
      "5": 0.19309614598751068,
      "6": 0.21187305450439453,
      "7": 0.20824898779392242,
      "8": 0.20020867884159088,
      "9": 0.3233640193939209,
      "10": 0.23201406002044678,
      "11": 0.3132229149341583,
      "12": 0.1750180572271347,
      "13": 0.10406654328107834,
      "14": 0.328021377325058,
      "15": 0.1677536815404892,
      "16": 0.09168428182601929,
      "17": 0.08516174554824829,
      "18": 0.13611845672130585,
      "19": 0.15316665172576904,
      "20": 0.1976718306541443,
      "21": 0.2546677887439728,
      "22": 0.19610339403152466,
      "23": 0.18142148852348328,
      "24": 0.3106040060520172,
      "25": 0.08307763934135437,
      "26": 0.13007548451423645,
      "27": 0.25147151947021484,
      "28": 0.29752933979034424,
      "29": 0.20824842154979706,
      "30": 0.29252904653549194,
      "31": 0.21400609612464905,
      "32": 0.11995568871498108,
      "33": 0.19499540328979492,
      "34": 0.18074052035808563,
      "35": 0.09983805567026138,
      "36": 0.07990521192550659,
      "37": 0.21391645073890686,
      "38": 0.15824644267559052,
      "39": 0.11957407742738724,
      "40": 0.24710765480995178,
      "41": 0.22926101088523865,
      "42": 0.1785086989402771,
      "43": 0.14188410341739655,
      "44": 0.18567922711372375,
      "45": 0.30909085273742676,
      "46": 0.31501197814941406,
      "47": 0.16844511032104492,
      "48": 0.28762948513031006,
      "49": 0.2538558840751648,
      "50": 0.16095960140228271,
      "51": 0.18715693056583405,
      "52": 0.2675105035305023,
      "53": 0.14188647270202637,
      "54": 0.22392132878303528,
      "55": 0.3238534927368164,
      "56": 0.2078390121459961,
      "57": 0.24015001952648163,
      "58": 0.15718521177768707,
      "59": 0.10583221167325974,
      "60": 0.2330940216779709,
      "61": 0.1745811253786087,
      "62": 0.16286233067512512,
      "63": 0.10721070319414139,
      "64": 0.126678928732872,
      "65": 0.32311388850212097,
      "66": 0.13396649062633514,
      "67": 0.1444050520658493,
      "68": 0.12009898573160172,
      "69": 0.13265587389469147,
      "70": 0.3444313406944275,
      "71": 0.21746234595775604,
      "72": 0.22238633036613464,
      "73": 0.15638300776481628,
      "74": 0.29684579372406006,
      "75": 0.25100043416023254,
      "76": 0.22075748443603516,
      "77": 0.11604024469852448,
      "78": 0.11871417611837387,
      "79": 0.1592678427696228,
      "80": 0.0871109589934349,
      "81": 0.1492031365633011,
      "82": 0.3049794137477875,
      "83": 0.11183605343103409,
      "84": 0.06337717175483704,
      "85": 0.1368006020784378,
      "86": 0.09220539033412933,
      "87": 0.1382012665271759,
      "88": 0.2191847413778305,
      "89": 0.2883930802345276,
      "90": 0.14481452107429504,
      "91": 0.10347238928079605,
      "92": 0.1965767741203308,
      "93": 0.06242730841040611,
      "94": 0.28850147128105164,
      "95": 0.21432723104953766,
      "96": 0.14158736169338226,
      "97": 0.14575497806072235,
      "98": 0.2710135579109192,
      "99": 0.2859770655632019
    }
  },
  "bnn": {
    "mean_scores": {
      "0": 0.29370996356010437,
      "1": 0.35672688484191895,
      "2": 0.31664109230041504,
      "3": 0.2861485183238983,
      "4": 0.22592505812644958,
      "5": 0.18539190292358398,
      "6": 0.3199805021286011,
      "7": 0.3779909014701843,
      "8": 0.31787988543510437,
      "9": 0.24838902056217194,
      "10": 0.20635312795639038,
      "11": 0.4006698727607727,
      "12": 0.2768615484237671,
      "13": 0.35681983828544617,
      "14": 0.2876071035861969,
      "15": 0.25740739703178406,
      "16": 0.31341060996055603,
      "17": 0.3017823100090027,
      "18": 0.27237457036972046,
      "19": 0.28468725085258484,
      "20": 0.3102470338344574,
      "21": 0.30628207325935364,
      "22": 0.26307544112205505,
      "23": 0.2400221973657608,
      "24": 0.2947407066822052,
      "25": 0.2285824716091156,
      "26": 0.16558624804019928,
      "27": 0.24711103737354279,
      "28": 0.3555033802986145,