{
  "turno": "matutina",
  "n_draws": 158,
  "timestamp": "2026-06-20T02:36:18.834580",
  "lstm": {
    "accuracy": 0.0,
    "loss": 0.48198872804641724,
    "top10": [
      52,
      65,
      45,
      21,
      47,
      13,
      53,
      3,
      43,
      73
    ],
    "scores": {
      "0": 0.17311258614063263,
      "1": 0.2303771674633026,
      "2": 0.15891768038272858,
      "3": 0.2887807786464691,
      "4": 0.1663321703672409,
      "5": 0.15104460716247559,
      "6": 0.19938541948795319,
      "7": 0.2407013475894928,
      "8": 0.20227771997451782,
      "9": 0.15564341843128204,
      "10": 0.1528080403804779,
      "11": 0.24957722425460815,
      "12": 0.2204732894897461,
      "13": 0.2686779499053955,
      "14": 0.19888190925121307,
      "15": 0.1800992339849472,
      "16": 0.16831238567829132,
      "17": 0.14139536023139954,
      "18": 0.17009790241718292,
      "19": 0.2113046944141388,
      "20": 0.197082981467247,
      "21": 0.2642011046409607,
      "22": 0.13605330884456635,
      "23": 0.23287402093410492,
      "24": 0.22572337090969086,
      "25": 0.11228551715612411,
      "26": 0.20167337357997894,
      "27": 0.21081724762916565,
      "28": 0.23160846531391144,
      "29": 0.12740233540534973,
      "30": 0.17057524621486664,
      "31": 0.21448567509651184,
      "32": 0.20749835669994354,
      "33": 0.2428234964609146,
      "34": 0.20184527337551117,
      "35": 0.19176223874092102,
      "36": 0.19845540821552277,
      "37": 0.1977357119321823,
      "38": 0.19098466634750366,
      "39": 0.1869032382965088,
      "40": 0.14654883742332458,
      "41": 0.15597841143608093,
      "42": 0.11047544330358505,
      "43": 0.29227906465530396,
      "44": 0.1456736922264099,
      "45": 0.26086071133613586,
      "46": 0.1777327060699463,
      "47": 0.26673829555511475,
      "48": 0.23254655301570892,
      "49": 0.1904739886522293,
      "50": 0.17182955145835876,
      "51": 0.18977712094783783,
      "52": 0.25136977434158325,
      "53": 0.27470067143440247,
      "54": 0.17528945207595825,
      "55": 0.20503903925418854,
      "56": 0.12650583684444427,
      "57": 0.1735120415687561,
      "58": 0.1136130541563034,
      "59": 0.1933215856552124,
      "60": 0.19533684849739075,
      "61": 0.18377432227134705,
      "62": 0.15571229159832,
      "63": 0.2372434437274933,
      "64": 0.20272769033908844,
      "65": 0.2608146071434021,
      "66": 0.15715475380420685,
      "67": 0.15089938044548035,
      "68": 0.16165053844451904,
      "69": 0.17840136587619781,
      "70": 0.2436453253030777,
      "71": 0.1485767364501953,
      "72": 0.1881907433271408,
      "73": 0.2970731854438782,
      "74": 0.18541018664836884,
      "75": 0.19796139001846313,
      "76": 0.18070994317531586,
      "77": 0.24393749237060547,
      "78": 0.15984155237674713,
      "79": 0.16651301085948944,
      "80": 0.15971863269805908,
      "81": 0.17995557188987732,
      "82": 0.20809140801429749,
      "83": 0.22883133590221405,
      "84": 0.16233476996421814,
      "85": 0.16086922585964203,
      "86": 0.16900160908699036,
      "87": 0.17164111137390137,
      "88": 0.1800762116909027,
      "89": 0.212765634059906,
      "90": 0.13866281509399414,
      "91": 0.16233257949352264,
      "92": 0.21509166061878204,
      "93": 0.2233310490846634,
      "94": 0.18308068811893463,
      "95": 0.19624435901641846,
      "96": 0.2179906964302063,
      "97": 0.19311656057834625,
      "98": 0.20023450255393982,
      "99": 0.20942318439483643
    }
  },
  "transformer": {
    "accuracy": 0.0,
    "loss": 0.49610021710395813,
    "top10": [
      21,
      43,
      24,
      72,
      68,
      51,
      11,
      96,
      99,
      48
    ],
    "scores": {
      "0": 0.10563167184591293,
      "1": 0.18827547132968903,
      "2": 0.1550811380147934,
      "3": 0.23331089317798615,
      "4": 0.16453449428081512,
      "5": 0.11557471752166748,
      "6": 0.1808975636959076,
      "7": 0.20716369152069092,
      "8": 0.15758493542671204,
      "9": 0.13590331375598907,
      "10": 0.18842241168022156,
      "11": 0.2676834166049957,
      "12": 0.1954628974199295,
      "13": 0.23209500312805176,
      "14": 0.1526210606098175,
      "15": 0.09510771185159683,
      "16": 0.11606769263744354,
      "17": 0.17658299207687378,
      "18": 0.1908634603023529,
      "19": 0.2290489673614502,
      "20": 0.1350586712360382,
      "21": 0.24963414669036865,
      "22": 0.0890544131398201,
      "23": 0.23873519897460938,
      "24": 0.2512350082397461,
      "25": 0.11586354672908783,
      "26": 0.15826314687728882,
      "27": 0.18405666947364807,
      "28": 0.20834685862064362,
      "29": 0.17314566671848297,
      "30": 0.1163991317152977,
      "31": 0.17397534847259521,
      "32": 0.24307505786418915,
      "33": 0.09458032250404358,
      "34": 0.2297772616147995,
      "35": 0.09892001003026962,
      "36": 0.139984592795372,
      "37": 0.13281798362731934,
      "38": 0.12136301398277283,
      "39": 0.2430420219898224,
      "40": 0.11864365637302399,
      "41": 0.108610138297081,
      "42": 0.09387005120515823,
      "43": 0.2509576380252838,
      "44": 0.15810371935367584,
      "45": 0.17956288158893585,
      "46": 0.1617588847875595,
      "47": 0.18419131636619568,
      "48": 0.2833860218524933,
      "49": 0.24762612581253052,
      "50": 0.10628342628479004,
      "51": 0.2630217671394348,
      "52": 0.24394091963768005,
      "53": 0.22431553900241852,
      "54": 0.1659936159849167,
      "55": 0.1860676258802414,
      "56": 0.08625520765781403,
      "57": 0.09455391764640808,
      "58": 0.1673640012741089,
      "59": 0.13337741792201996,
      "60": 0.10228852182626724,
      "61": 0.11317906528711319,
      "62": 0.16402192413806915,
      "63": 0.1173018366098404,
      "64": 0.12778829038143158,
      "65": 0.23535262048244476,
      "66": 0.09576909989118576,
      "67": 0.10562628507614136,
      "68": 0.25683343410491943,
      "69": 0.18850652873516083,
      "70": 0.2449587881565094,
      "71": 0.09780598431825638,
      "72": 0.2546018660068512,
      "73": 0.22009000182151794,
      "74": 0.14698472619056702,
      "75": 0.15321993827819824,
      "76": 0.21678782999515533,
      "77": 0.233449324965477,
      "78": 0.11037511378526688,
      "79": 0.14884063601493835,
      "80": 0.13877446949481964,
      "81": 0.14520102739334106,
      "82": 0.2052871137857437,
      "83": 0.16823162138462067,
      "84": 0.19125819206237793,
      "85": 0.17693567276000977,
      "86": 0.21140827238559723,
      "87": 0.11681845039129257,
      "88": 0.22205917537212372,
      "89": 0.17853094637393951,
      "90": 0.10516904294490814,
      "91": 0.1289283186197281,
      "92": 0.12709833681583405,
      "93": 0.15008345246315002,
      "94": 0.16597968339920044,
      "95": 0.12486004829406738,
      "96": 0.2719133198261261,
      "97": 0.1258610635995865,
      "98": 0.1539456844329834,
      "99": 0.2818945646286011
    }
  },
  "bnn": {
    "mean_scores": {
      "0": 0.17408159375190735,
      "1": 0.3050234913825989,
      "2": 0.16549983620643616,
      "3": 0.3343144655227661,
      "4": 0.1796206533908844,
      "5": 0.1693616360425949,
      "6": 0.21638193726539612,
      "7": 0.27556470036506653,
      "8": 0.1547277867794037,
      "9": 0.17635691165924072,
      "10": 0.14988459646701813,
      "11": 0.27017292380332947,
      "12": 0.18582600355148315,
      "13": 0.29930633306503296,
      "14": 0.20127657055854797,
      "15": 0.16553597152233124,
      "16": 0.19624380767345428,
      "17": 0.18696627020835876,
      "18": 0.1279369294643402,
      "19": 0.25916579365730286,
      "20": 0.18447250127792358,
      "21": 0.3348594605922699,
      "22": 0.15883328020572662,
      "23": 0.24468569457530975,
      "24": 0.2987009286880493,
      "25": 0.11459524184465408,
      "26": 0.16271457076072693,
      "27": 0.27329885959625244,
      "28": 0.2442653477191925,